Age,Tenure_Months,Purchase_Frequency,Total_Amount_Spent,Avg_Order_Value,Days_Since_Last_Purchase,Membership,Support_Calls,Churn
45,33,2,739.91,369.96,153,Bronze,14,1
24,57,2,201.93,100.96,333,Gold,6,0
52,46,5,1117.34,223.47,85,Silver,13,1
72,5,23,1161.98,50.52,109,Silver,10,1
45,43,10,159.35,15.93,31,Bronze,9,1
31,48,10,525.76,52.58,229,Bronze,9,1
73,34,9,95.9,10.66,240,Bronze,10,1
27,40,13,298.41,22.95,363,Gold,10,1
33,11,7,674.7,96.39,310,Silver,5,0
33,50,5,588.56,117.71,141,Silver,1,0
71,3,26,540.02,20.77,156,Bronze,10,1
48,58,10,216.02,21.6,299,Gold,2,0
59,33,10,287.43,28.74,345,Silver,5,1
42,11,6,104.32,17.39,99,Bronze,13,0
30,16,27,684.74,25.36,47,Bronze,3,0
23,18,28,400.48,14.3,327,Bronze,5,1
61,30,19,666.81,35.1,67,Bronze,0,0
26,48,21,193.14,9.2,62,Silver,9,0
62,55,8,246.11,30.76,109,Bronze,11,1
53,10,1,253.39,253.39,167,Bronze,0,0
73,18,28,63.04,2.25,37,Silver,2,0
60,38,17,258.55,15.21,119,Bronze,7,0
37,19,7,863.05,123.29,86,Bronze,7,0
35,36,14,1187.96,84.85,52,Bronze,10,0
60,59,21,415.13,19.77,91,Bronze,3,0
74,13,21,353.95,16.85,289,Silver,5,0
38,56,17,65.65,3.86,337,Bronze,14,1
21,46,9,1106.83,122.98,298,Silver,7,0
67,3,17,56.55,3.33,204,Silver,6,1
50,10,5,1497.94,299.59,238,Bronze,10,1
44,38,26,385.9,14.84,155,Silver,6,0
24,1,25,259.23,10.37,240,Bronze,12,1
23,55,20,1339.95,67.0,136,Bronze,3,0
32,56,29,62.35,2.15,362,Gold,8,1
35,27,8,485.45,60.68,64,Gold,11,1
49,46,6,448.07,74.68,123,Silver,9,1
73,8,11,173.8,15.8,254,Bronze,5,1
28,51,19,330.08,17.37,114,Bronze,13,1
37,46,4,578.16,144.54,20,Silver,11,0
41,42,18,699.38,38.85,16,Bronze,10,1
32,17,1,50.36,50.36,145,Bronze,2,0
65,9,13,1431.15,110.09,208,Bronze,4,1
24,6,14,139.88,9.99,19,Bronze,4,0
38,43,24,183.01,7.63,166,Gold,13,1
59,25,1,202.9,202.9,38,Bronze,4,0
43,39,29,69.28,2.39,181,Silver,7,0
61,49,11,115.65,10.51,349,Bronze,8,1
73,28,17,2197.01,129.24,105,Silver,12,0
31,33,4,239.33,59.83,100,Silver,8,1
74,54,26,111.25,4.28,90,Bronze,12,1
54,37,12,106.58,8.88,300,Gold,5,0
38,9,10,685.52,68.55,332,Silver,5,0
35,18,6,1014.03,169.0,79,Gold,8,0
22,56,25,198.5,7.94,73,Gold,3,0
20,59,1,60.57,60.57,176,Silver,5,0
40,21,7,176.22,25.17,96,Gold,3,0
43,2,26,79.09,3.04,345,Bronze,10,1
54,58,27,104.57,3.87,103,Bronze,0,0
41,43,21,332.38,15.83,224,Bronze,6,1
66,59,28,180.63,6.45,6,Bronze,13,0
36,38,16,412.78,25.8,122,Bronze,9,1
68,58,24,196.18,8.17,236,Bronze,10,1
42,40,14,1461.2,104.37,116,Silver,11,0
38,36,23,1231.93,53.56,163,Bronze,5,0
29,50,20,468.28,23.41,226,Bronze,8,1
74,43,20,268.81,13.44,230,Silver,6,0
58,37,6,289.94,48.32,182,Bronze,12,1
50,15,22,315.39,14.34,249,Silver,6,0
67,28,25,700.2,28.01,318,Bronze,1,1
70,18,28,350.41,12.51,210,Gold,11,1
21,34,5,1021.51,204.3,144,Silver,10,1
59,22,24,1492.05,62.17,345,Bronze,14,1
74,11,21,254.7,12.13,96,Bronze,8,0
24,58,18,461.28,25.63,346,Silver,9,1
39,57,15,99.94,6.66,244,Silver,8,1
72,13,6,161.87,26.98,86,Silver,5,0
50,4,25,316.76,12.67,184,Silver,12,1
34,22,29,165.46,5.71,121,Bronze,2,0
41,7,19,1096.0,57.68,332,Bronze,0,1
51,43,1,136.16,136.16,92,Bronze,3,0
45,54,1,354.09,354.09,70,Gold,13,1
60,24,13,515.32,39.64,133,Silver,13,1
58,4,3,638.61,212.87,279,Bronze,2,1
56,28,10,291.5,29.15,137,Bronze,13,0
39,15,21,1066.66,50.79,314,Bronze,11,1
66,1,3,470.03,156.68,187,Bronze,0,1
34,55,9,339.47,37.72,221,Silver,2,0
51,3,8,84.8,10.6,46,Silver,13,1
23,14,3,362.45,120.82,278,Gold,13,1
63,38,25,909.45,36.38,192,Bronze,3,0
23,50,13,526.66,40.51,8,Bronze,12,0
51,57,6,942.38,157.06,276,Silver,12,1
18,1,13,390.62,30.05,179,Silver,14,0
27,38,23,113.04,4.91,334,Silver,13,1
38,38,20,56.87,2.84,39,Silver,7,0
22,21,20,230.64,11.53,293,Bronze,8,1
19,48,12,648.65,54.05,178,Silver,2,0
39,29,13,830.94,63.92,162,Bronze,5,0
65,5,2,225.31,112.66,331,Bronze,9,1
74,49,21,392.25,18.68,104,Bronze,10,0
19,10,24,323.33,13.47,161,Bronze,14,1
27,28,23,314.26,13.66,287,Silver,4,0
51,21,16,181.56,11.35,123,Bronze,5,0
33,50,23,123.31,5.36,54,Silver,3,0
65,7,6,159.51,26.58,34,Gold,9,1
68,3,19,78.46,4.13,242,Bronze,5,1
56,45,21,160.4,7.64,113,Bronze,6,0
39,47,13,54.62,4.2,318,Silver,8,1
29,20,17,543.43,31.97,23,Bronze,9,1
41,19,23,240.17,10.44,46,Bronze,6,0
64,35,9,1858.65,206.52,312,Bronze,5,1
57,4,17,157.66,9.27,135,Bronze,0,0
55,5,29,262.19,9.04,118,Gold,1,0
27,1,2,271.46,135.73,189,Silver,0,1
52,4,19,54.24,2.85,131,Silver,8,0
68,12,19,963.82,50.73,212,Gold,9,1
66,27,24,66.26,2.76,113,Silver,9,0
49,56,7,1458.21,208.32,44,Bronze,8,1
24,42,22,1163.16,52.87,128,Gold,6,0
38,23,10,433.42,43.34,364,Silver,12,1
37,25,10,442.19,44.22,158,Silver,1,0
43,21,27,580.34,21.49,273,Gold,5,0
21,58,20,294.74,14.74,315,Bronze,10,1
63,52,9,570.96,63.44,355,Bronze,3,0
69,24,17,72.9,4.29,340,Bronze,0,0
39,25,27,77.78,2.88,45,Bronze,0,0
32,45,15,355.54,23.7,108,Silver,11,1
73,55,2,448.83,224.42,219,Gold,4,1
57,46,4,1143.81,285.95,318,Bronze,11,1
38,32,19,105.28,5.54,315,Silver,1,0
32,55,17,914.81,53.81,177,Bronze,3,0
39,32,5,167.89,33.58,228,Bronze,0,0
69,5,7,300.51,42.93,191,Bronze,3,0
45,36,18,240.34,13.35,160,Bronze,10,0
31,46,21,305.54,14.55,267,Gold,5,0
44,42,22,131.55,5.98,358,Bronze,9,1
58,49,27,400.16,14.82,326,Silver,3,0
57,42,7,858.84,122.69,190,Silver,0,0
45,58,17,341.28,20.08,175,Bronze,6,0
43,39,7,387.27,55.32,290,Gold,13,1
66,16,4,994.47,248.62,357,Gold,1,1
19,33,8,662.19,82.77,145,Bronze,8,0
42,49,13,387.12,29.78,232,Bronze,12,1
73,21,4,199.0,49.75,360,Bronze,2,1
20,9,6,1131.09,188.52,204,Bronze,7,1
25,6,25,480.22,19.21,213,Bronze,12,1
61,51,5,174.97,34.99,40,Silver,7,0
50,45,12,206.75,17.23,275,Silver,2,1
59,35,4,862.61,215.65,323,Bronze,3,1
69,39,24,72.57,3.02,82,Bronze,1,1
52,22,29,2469.95,85.17,181,Gold,3,0
23,41,9,119.83,13.31,320,Bronze,10,1
56,54,4,844.99,211.25,83,Bronze,10,1
69,5,19,301.08,15.85,303,Bronze,10,1
40,42,24,388.85,16.2,262,Gold,13,1
42,23,14,1112.85,79.49,272,Bronze,8,1
67,17,5,316.29,63.26,200,Silver,1,0
60,12,18,435.55,24.2,240,Silver,11,1
36,23,10,75.28,7.53,180,Bronze,11,0
22,16,25,51.18,2.05,171,Silver,12,1
68,3,19,190.39,10.02,295,Bronze,2,1
28,30,12,620.63,51.72,177,Silver,14,1
73,57,18,114.64,6.37,237,Silver,10,1
29,22,17,110.38,6.49,138,Silver,10,1
27,9,24,314.63,13.11,327,Bronze,14,1
25,29,11,571.83,51.98,311,Silver,3,1
41,47,3,672.52,224.17,129,Bronze,4,0
45,37,23,148.28,6.45,49,Bronze,0,0
58,23,17,91.47,5.38,164,Bronze,6,0
53,13,1,1460.02,1460.02,277,Silver,13,1
54,32,15,201.0,13.4,293,Silver,9,1
38,46,28,1009.84,36.07,116,Bronze,6,0
25,52,9,1045.68,116.19,24,Silver,8,0
72,47,15,790.35,52.69,311,Bronze,3,0
26,48,28,142.46,5.09,25,Silver,13,0
64,23,24,912.43,38.02,127,Bronze,13,0
32,45,28,783.21,27.97,234,Silver,5,0
65,17,29,504.07,17.38,209,Bronze,10,1
63,55,3,255.64,85.21,93,Gold,1,0
57,40,22,202.25,9.19,94,Bronze,11,1
35,21,27,114.99,4.26,327,Bronze,11,1
59,2,19,406.43,21.39,225,Bronze,13,1
37,37,13,490.05,37.7,280,Gold,3,0
23,6,12,272.63,22.72,11,Gold,1,0
29,44,20,372.52,18.63,329,Bronze,9,1
19,18,1,275.9,275.9,12,Silver,4,0
24,30,21,562.22,26.77,35,Silver,14,0
33,22,17,1207.63,71.04,228,Silver,6,0
20,54,13,139.52,10.73,220,Silver,12,1
62,33,1,290.16,290.16,141,Bronze,0,0
20,30,10,125.92,12.59,23,Bronze,14,1
44,17,15,540.34,36.02,83,Gold,9,1
67,43,27,702.58,26.02,229,Gold,9,1
60,32,27,1393.48,51.61,344,Silver,6,0
57,42,7,213.47,30.5,80,Bronze,9,1
55,51,28,1549.98,55.36,353,Bronze,12,1
50,14,22,82.68,3.76,290,Silver,5,0
45,58,18,511.93,28.44,331,Gold,5,0
18,10,16,79.41,4.96,159,Gold,11,0
72,47,14,1171.09,83.65,128,Silver,7,0
25,51,27,427.31,15.83,190,Silver,7,0
54,36,28,603.34,21.55,31,Bronze,5,0
49,34,18,940.63,52.26,359,Bronze,2,0
65,9,27,131.44,4.87,15,Gold,4,0
60,42,7,69.68,9.95,313,Silver,1,0
54,28,17,1105.49,65.03,75,Bronze,14,1
21,11,29,239.12,8.25,34,Bronze,13,1
47,14,18,119.04,6.61,359,Silver,4,0
23,39,12,365.99,30.5,196,Bronze,13,0
63,55,8,506.03,63.25,331,Bronze,8,1
71,47,22,65.73,2.99,29,Silver,9,0
36,54,2,210.72,105.36,194,Silver,0,0
49,19,7,66.67,9.52,16,Silver,9,0
26,54,4,322.65,80.66,77,Bronze,4,0
29,15,18,1177.37,65.41,293,Silver,11,1
28,28,28,2077.15,74.18,81,Bronze,5,0
63,24,6,556.74,92.79,124,Bronze,13,0
72,8,27,138.15,5.12,19,Silver,10,0
33,43,9,1231.43,136.83,102,Silver,6,0
18,9,27,413.09,15.3,77,Silver,8,1
62,47,9,133.47,14.83,229,Silver,5,0
72,33,14,1323.77,94.56,297,Silver,4,1
70,33,8,758.31,94.79,203,Bronze,11,1
38,19,19,707.83,37.25,61,Bronze,6,0
47,3,3,667.53,222.51,26,Bronze,12,1
30,10,18,161.78,8.99,71,Bronze,0,0
51,40,5,168.5,33.7,103,Gold,10,0
21,47,14,632.85,45.2,326,Bronze,13,1
45,42,28,174.05,6.22,363,Gold,4,0
55,1,4,338.72,84.68,157,Silver,14,1
48,29,7,811.63,115.95,363,Silver,1,1
72,50,20,816.13,40.81,359,Silver,3,0
44,34,25,351.89,14.08,194,Silver,6,0
22,51,28,835.57,29.84,275,Bronze,4,0
42,13,12,962.0,80.17,324,Bronze,11,1
20,54,2,581.78,290.89,186,Silver,5,0
50,1,11,179.66,16.33,326,Bronze,1,1
21,34,14,210.11,15.01,113,Bronze,2,0
42,29,22,239.05,10.87,313,Silver,6,0
37,48,23,112.1,4.87,165,Bronze,10,0
51,47,16,209.52,13.1,61,Gold,1,0
43,13,20,167.56,8.38,92,Gold,11,0
22,48,29,353.79,12.2,286,Gold,5,0
52,49,6,1245.37,207.56,153,Bronze,4,0
45,53,23,105.18,4.57,225,Bronze,9,1
46,29,4,686.96,171.74,127,Gold,0,0
26,39,15,631.23,42.08,193,Bronze,11,0
69,24,24,100.33,4.18,115,Gold,10,1
55,26,25,1329.21,53.17,262,Gold,14,1
67,17,1,470.21,470.21,18,Gold,9,1
23,7,7,276.06,39.44,10,Bronze,10,1
36,13,25,756.4,30.26,92,Bronze,3,0
61,5,12,198.78,16.57,139,Gold,10,1
74,26,10,641.28,64.13,333,Bronze,1,0
28,49,5,70.26,14.05,357,Bronze,3,0
19,3,12,964.44,80.37,340,Silver,0,1
64,7,18,347.26,19.29,52,Gold,1,0
61,58,10,556.25,55.62,195,Silver,12,0
61,49,6,175.02,29.17,206,Silver,7,0
26,39,28,615.17,21.97,287,Bronze,5,0
38,53,12,789.73,65.81,93,Silver,1,0
41,1,7,370.48,52.93,309,Gold,11,1
51,49,18,530.81,29.49,145,Bronze,14,1
39,17,2,354.7,177.35,86,Silver,5,0
20,43,10,1172.59,117.26,153,Gold,9,0
29,25,15,394.45,26.3,2,Silver,8,0
45,59,12,971.98,81.0,342,Silver,6,0
47,3,26,858.11,33.0,260,Silver,8,1
43,15,17,314.24,18.48,164,Bronze,4,0
65,29,4,180.74,45.18,6,Bronze,6,1
38,53,7,310.51,44.36,149,Silver,10,1
45,43,9,924.98,102.78,205,Silver,14,1
73,32,19,179.15,9.43,118,Gold,13,0
43,26,28,421.63,15.06,89,Gold,6,0
50,16,27,870.2,32.23,154,Silver,11,1
38,25,23,268.07,11.66,167,Silver,11,1
52,54,7,563.9,80.56,161,Silver,2,0
69,28,23,190.94,8.3,270,Silver,6,0
51,9,2,107.86,53.93,56,Silver,0,0
58,56,6,840.87,140.15,228,Silver,8,1
68,56,18,102.11,5.67,337,Gold,9,1
64,1,6,208.3,34.72,149,Bronze,12,1
35,29,13,1015.89,78.15,46,Bronze,5,0
28,57,26,262.68,10.1,144,Bronze,4,0
74,22,19,1856.8,97.73,238,Silver,6,1
40,16,2,1999.41,999.7,272,Bronze,4,1
65,41,12,206.18,17.18,120,Bronze,9,1
39,51,15,70.92,4.73,340,Silver,4,0
34,44,14,660.5,47.18,220,Bronze,10,1
22,51,6,349.82,58.3,8,Silver,9,0
61,54,18,103.1,5.73,344,Bronze,10,1
28,41,5,664.68,132.94,275,Bronze,6,0
47,7,18,65.84,3.66,353,Silver,9,1
32,14,3,1070.87,356.96,66,Bronze,14,1
44,29,3,124.63,41.54,79,Bronze,6,0
52,19,22,118.09,5.37,86,Silver,12,1
50,19,22,146.59,6.66,124,Silver,10,0
37,2,10,1662.78,166.28,202,Bronze,14,1
33,41,19,640.73,33.72,150,Silver,2,0
51,45,3,858.16,286.05,46,Bronze,2,0
19,15,29,303.45,10.46,113,Bronze,9,1
52,3,12,254.97,21.25,91,Silver,11,1
57,11,29,183.6,6.33,141,Silver,12,0
73,53,16,377.59,23.6,289,Silver,14,0
45,46,17,451.29,26.55,218,Silver,2,1
64,30,7,549.53,78.5,77,Gold,5,0
56,57,13,198.61,15.28,334,Silver,11,1
23,40,24,1534.58,63.94,152,Bronze,14,0
26,18,2,143.02,71.51,323,Silver,5,0
37,51,4,1735.62,433.9,239,Bronze,12,1
18,48,10,57.48,5.75,115,Bronze,12,1
25,2,7,378.05,54.01,319,Bronze,2,1
72,32,24,252.76,10.53,94,Bronze,2,0
40,8,17,348.12,20.48,48,Gold,7,0
20,22,20,472.76,23.64,191,Silver,7,0
21,6,6,335.99,56.0,12,Silver,6,0
42,12,19,317.94,16.73,156,Bronze,9,1
64,47,5,709.74,141.95,172,Bronze,3,0
55,57,10,628.98,62.9,296,Bronze,14,1
32,40,9,945.69,105.08,177,Bronze,3,0
38,36,27,193.81,7.18,341,Silver,2,0
52,15,13,520.2,40.02,57,Silver,4,0
74,28,19,489.97,25.79,343,Silver,2,0
70,52,21,280.81,13.37,340,Bronze,12,1
70,57,24,382.82,15.95,203,Gold,7,0
63,49,6,238.28,39.71,185,Silver,6,0
69,45,4,126.48,31.62,121,Silver,12,1
31,18,24,170.27,7.09,226,Silver,2,0
53,2,27,105.75,3.92,202,Bronze,8,1
29,13,3,624.54,208.18,330,Bronze,11,1
34,45,3,590.48,196.83,363,Bronze,13,1
56,54,4,1553.97,388.49,356,Silver,12,1
26,15,25,704.07,28.16,216,Bronze,4,0
52,20,5,76.72,15.34,43,Bronze,8,0
30,29,8,1128.14,141.02,23,Bronze,6,0
32,59,16,1042.7,65.17,155,Bronze,14,1
35,42,22,342.88,15.59,186,Gold,6,0
68,29,3,490.78,163.59,249,Silver,5,0
50,3,24,1916.49,79.85,237,Bronze,1,1
23,19,12,429.97,35.83,293,Bronze,8,1
44,3,25,1228.64,49.15,134,Bronze,5,0
40,54,8,93.35,11.67,321,Bronze,7,0
44,14,13,156.01,12.0,22,Bronze,0,0
51,40,4,340.58,85.14,361,Bronze,4,1
73,59,14,489.45,34.96,88,Bronze,11,1
63,55,14,897.03,64.07,153,Silver,0,0
55,4,13,2272.47,174.81,125,Silver,9,1
31,59,27,296.21,10.97,79,Bronze,10,0
53,52,6,74.29,12.38,346,Bronze,13,1
70,11,17,857.66,50.45,51,Silver,7,0
25,58,4,513.65,128.41,216,Silver,7,1
52,31,8,160.66,20.08,176,Gold,0,0
36,43,17,391.43,23.03,358,Silver,8,1
47,32,3,728.0,242.67,253,Bronze,1,1
31,27,17,785.73,46.22,246,Bronze,11,1
37,30,9,396.19,44.02,227,Silver,8,1
66,43,2,232.08,116.04,106,Bronze,0,0
42,2,25,1869.9,74.8,193,Silver,11,1
57,49,13,594.37,45.72,316,Gold,9,1
41,9,20,312.32,15.62,302,Silver,13,1
31,28,2,214.57,107.28,36,Bronze,13,1
43,31,20,706.71,35.34,204,Silver,8,1
55,34,28,188.66,6.74,267,Bronze,3,1
40,56,11,144.2,13.11,268,Silver,8,1
39,15,27,427.33,15.83,170,Gold,6,0
65,48,26,221.24,8.51,39,Bronze,10,0
74,25,22,545.65,24.8,139,Gold,5,0
36,36,15,112.75,7.52,292,Gold,14,1
63,8,11,582.02,52.91,52,Bronze,4,0
68,9,23,216.55,9.42,287,Bronze,10,1
20,58,3,50.12,16.71,289,Bronze,8,1
59,58,3,117.87,39.29,141,Bronze,1,0
36,37,28,1406.14,50.22,146,Bronze,13,1
26,48,26,1060.04,40.77,314,Silver,12,1
45,45,12,183.03,15.25,184,Bronze,10,1
37,39,24,803.38,33.47,152,Bronze,13,1
62,32,5,518.98,103.8,201,Silver,11,1
24,58,20,1818.59,90.93,128,Bronze,1,0
31,52,7,283.89,40.56,287,Silver,10,1
26,17,7,622.0,88.86,311,Bronze,11,1
72,35,13,82.82,6.37,253,Bronze,14,1
74,37,9,302.3,33.59,266,Silver,8,1
36,19,25,1709.59,68.38,188,Silver,11,0
64,44,21,437.16,20.82,230,Gold,2,0
69,29,13,219.75,16.9,271,Silver,7,0
31,59,12,114.07,9.51,259,Silver,10,1
73,7,13,657.9,50.61,299,Bronze,14,1
55,28,24,567.62,23.65,198,Bronze,8,1
70,9,10,284.15,28.42,323,Silver,7,1
53,28,1,1557.37,1557.37,56,Silver,3,0
57,6,25,61.23,2.45,319,Gold,11,1
34,29,8,231.0,28.88,203,Bronze,0,1
47,58,22,1319.59,59.98,271,Bronze,3,0
26,17,16,243.52,15.22,109,Silver,13,0
50,16,13,195.35,15.03,116,Bronze,8,1
73,23,3,432.02,144.01,92,Gold,1,0
69,31,3,918.07,306.02,138,Gold,2,0
42,3,24,104.43,4.35,303,Bronze,9,1
31,21,5,1482.53,296.51,57,Silver,7,0
28,26,26,842.55,32.41,50,Silver,5,0
70,36,11,149.99,13.64,71,Bronze,7,0
52,42,7,672.41,96.06,82,Gold,6,0
58,37,21,293.03,13.95,105,Silver,13,0
31,53,24,307.33,12.81,88,Silver,12,1
47,22,10,814.6,81.46,2,Bronze,12,1
58,42,10,1695.52,169.55,360,Gold,4,0
21,12,20,117.71,5.89,84,Bronze,8,1
21,42,2,322.91,161.46,43,Bronze,3,0
45,13,3,377.87,125.96,154,Gold,5,0
25,11,8,286.05,35.76,327,Bronze,1,1
19,54,11,275.64,25.06,94,Bronze,14,1
58,16,13,76.84,5.91,298,Gold,1,0
63,8,7,628.45,89.78,133,Gold,1,0
39,40,13,336.54,25.89,65,Silver,9,0
58,59,2,158.33,79.17,290,Silver,6,0
73,57,6,896.5,149.42,257,Bronze,12,1
72,40,9,861.16,95.68,213,Bronze,1,1
33,45,20,383.15,19.16,148,Bronze,14,0
46,59,25,227.23,9.09,61,Silver,14,0
66,2,2,558.18,279.09,149,Silver,11,1
65,30,18,219.95,12.22,88,Silver,14,0
47,30,16,184.6,11.54,324,Silver,12,1
29,12,25,705.62,28.22,278,Bronze,1,0
52,10,12,70.58,5.88,82,Bronze,14,0
28,44,7,99.78,14.25,129,Bronze,8,1
63,11,7,53.41,7.63,286,Silver,6,0
67,15,17,132.99,7.82,353,Bronze,10,1
38,16,13,85.74,6.6,280,Gold,2,0
38,17,11,2786.62,253.33,270,Bronze,2,0
22,26,6,220.41,36.74,292,Bronze,6,1
65,2,29,130.83,4.51,203,Bronze,4,1
37,50,23,187.87,8.17,24,Silver,9,1
54,12,27,1425.42,52.79,351,Silver,13,1
20,51,14,417.15,29.8,311,Bronze,13,1
61,26,6,276.92,46.15,208,Bronze,5,0
50,23,6,1083.33,180.55,280,Silver,12,1
70,18,2,301.26,150.63,205,Bronze,11,1
26,32,22,253.99,11.54,152,Silver,7,0
26,49,20,166.14,8.31,26,Silver,8,0
21,38,25,287.24,11.49,194,Bronze,0,0
52,57,15,240.4,16.03,336,Bronze,2,1
34,47,28,615.52,21.98,238,Gold,10,1
51,3,17,220.95,13.0,321,Bronze,6,1
41,38,29,480.43,16.57,75,Bronze,5,0
49,3,8,84.08,10.51,163,Silver,6,0
18,30,5,156.16,31.23,299,Gold,7,0
25,1,17,311.62,18.33,29,Gold,5,0
62,30,20,1431.91,71.6,165,Silver,2,0
40,45,1,286.81,286.81,337,Bronze,1,1
64,32,22,595.43,27.06,186,Bronze,11,1
57,28,18,197.24,10.96,54,Silver,6,0
29,21,15,117.93,7.86,295,Silver,11,1
71,58,5,80.16,16.03,42,Bronze,11,1
29,46,7,232.22,33.17,285,Gold,11,1
63,13,18,135.79,7.54,138,Bronze,10,1
64,27,6,145.59,24.26,187,Bronze,0,0
32,36,22,765.14,34.78,204,Bronze,2,0
58,7,21,57.98,2.76,42,Bronze,11,1
36,22,5,458.01,91.6,350,Bronze,10,1
43,10,19,288.58,15.19,288,Bronze,3,1
69,39,10,403.17,40.32,26,Bronze,12,1
46,53,15,463.72,30.91,56,Silver,13,0
39,15,10,237.98,23.8,253,Silver,0,0
57,15,27,224.86,8.33,122,Silver,4,0
38,4,16,711.01,44.44,106,Gold,9,1
68,32,12,1075.05,89.59,130,Bronze,2,0
55,23,18,156.96,8.72,337,Bronze,1,1
37,55,23,101.36,4.41,158,Gold,14,1
74,6,1,1190.39,1190.39,231,Bronze,2,1
46,24,16,265.31,16.58,308,Gold,7,0
68,20,22,450.72,20.49,91,Bronze,5,0
21,58,6,272.79,45.46,22,Gold,12,0
72,37,3,117.22,39.07,290,Bronze,13,1
24,20,2,494.98,247.49,110,Gold,6,0
45,12,28,422.37,15.08,49,Silver,11,0
45,33,2,163.45,81.72,129,Gold,5,0
21,28,13,350.62,26.97,73,Bronze,5,0
39,8,9,847.15,94.13,340,Silver,11,1
29,1,16,496.32,31.02,53,Gold,2,0
62,37,27,100.97,3.74,356,Silver,11,1
20,22,5,447.06,89.41,168,Silver,12,0
39,6,23,656.57,28.55,45,Silver,13,0
61,21,28,836.8,29.89,105,Bronze,7,0
19,32,21,545.94,26.0,150,Silver,11,0
41,35,7,132.83,18.98,146,Silver,6,0
51,15,13,669.24,51.48,204,Gold,6,0
44,5,20,615.58,30.78,362,Bronze,5,1
72,56,24,62.37,2.6,299,Bronze,4,1
58,46,29,315.3,10.87,167,Gold,9,0
18,50,27,252.45,9.35,201,Gold,7,0
25,48,26,603.44,23.21,134,Bronze,4,0
40,6,13,171.76,13.21,211,Silver,8,1
55,25,27,496.86,18.4,48,Bronze,8,1
23,56,26,1272.11,48.93,126,Bronze,0,0
39,46,7,849.25,121.32,239,Bronze,5,1
42,59,10,1322.06,132.21,7,Bronze,6,0
35,56,15,1969.99,131.33,272,Silver,2,0
34,40,21,55.36,2.64,37,Bronze,6,0
29,29,27,537.41,19.9,211,Gold,10,1
23,7,6,316.23,52.71,165,Gold,10,0
43,40,5,1032.54,206.51,125,Silver,6,0
44,13,23,195.05,8.48,337,Silver,13,1
25,38,28,2032.43,72.59,192,Bronze,12,1
36,18,2,525.58,262.79,218,Silver,10,1
59,2,21,838.82,39.94,214,Silver,1,1
18,8,15,94.74,6.32,62,Bronze,6,0
74,11,26,151.34,5.82,328,Gold,14,1
46,33,16,760.24,47.52,161,Silver,0,0
62,54,19,61.12,3.22,66,Gold,4,0
66,38,9,898.8,99.87,286,Silver,8,1
52,48,29,57.02,1.97,239,Silver,6,0
57,27,22,585.19,26.6,20,Bronze,6,0
31,20,29,277.14,9.56,188,Gold,10,0
52,12,26,522.72,20.1,82,Gold,12,0
65,43,19,645.42,33.97,363,Bronze,11,0
62,31,7,259.64,37.09,202,Bronze,1,1
37,27,4,107.12,26.78,132,Bronze,7,1
73,32,3,86.09,28.7,37,Silver,2,0
66,10,24,494.5,20.6,132,Gold,14,1
30,3,29,417.67,14.4,77,Bronze,7,0
55,45,20,727.79,36.39,89,Silver,2,0
66,27,11,406.41,36.95,253,Bronze,9,1
63,35,1,324.48,324.48,344,Gold,6,1
66,31,6,303.82,50.64,194,Silver,1,0
25,15,26,63.4,2.44,176,Silver,3,0
60,16,11,254.4,23.13,33,Bronze,10,1
37,13,27,1915.27,70.94,58,Bronze,5,0
50,49,1,1083.98,1083.98,201,Bronze,10,1
43,35,21,249.77,11.89,28,Bronze,8,1
56,52,7,493.12,70.45,35,Gold,4,0
38,11,6,989.63,164.94,125,Silver,12,0
70,59,14,341.05,24.36,321,Gold,8,1
66,21,2,59.06,29.53,42,Gold,14,0
59,51,27,88.72,3.29,85,Silver,4,0
60,54,4,407.08,101.77,188,Silver,9,1
71,11,11,1794.02,163.09,111,Gold,7,0
58,30,15,640.8,42.72,271,Silver,12,1
26,48,18,86.78,4.82,325,Bronze,12,1
41,53,27,154.97,5.74,105,Bronze,0,0
54,35,1,787.72,787.72,320,Bronze,6,1
66,22,3,970.81,323.6,41,Gold,3,0
58,38,3,530.77,176.92,215,Silver,4,0
34,31,28,567.01,20.25,71,Bronze,5,0
41,14,7,64.37,9.2,56,Silver,4,0
38,24,1,931.67,931.67,236,Silver,11,1
68,50,25,826.23,33.05,281,Bronze,0,0
56,49,11,199.9,18.17,105,Bronze,11,0
72,32,6,666.66,111.11,162,Silver,8,0
58,36,20,170.94,8.55,191,Silver,1,0
56,32,3,70.58,23.53,9,Silver,8,1
30,55,19,162.28,8.54,60,Silver,9,0
28,15,2,148.39,74.19,305,Gold,1,1
63,43,18,256.05,14.23,225,Silver,8,1
36,58,12,321.03,26.75,307,Silver,5,0
28,35,29,405.19,13.97,188,Gold,10,0
30,3,10,373.85,37.39,70,Bronze,8,1
63,16,5,207.82,41.56,293,Bronze,12,1
62,5,9,64.8,7.2,287,Bronze,5,1
18,21,2,514.56,257.28,169,Silver,5,0
57,10,2,301.88,150.94,62,Silver,12,1
61,19,28,227.39,8.12,349,Silver,10,1
36,25,6,1058.48,176.41,14,Bronze,13,0
29,4,29,736.68,25.4,164,Bronze,1,0
25,29,10,1025.14,102.51,245,Bronze,7,0
25,19,18,391.58,21.75,335,Bronze,2,1
70,43,12,120.17,10.01,8,Silver,6,0
62,2,4,645.73,161.43,154,Bronze,4,1
29,10,22,165.38,7.52,36,Bronze,2,0
65,43,21,341.01,16.24,48,Gold,0,0
50,25,17,83.6,4.92,85,Bronze,7,0
62,20,15,922.37,61.49,28,Silver,2,0
43,48,6,117.3,19.55,196,Silver,1,0
56,19,16,1217.03,76.06,208,Bronze,0,1
45,23,17,1048.4,61.67,204,Silver,3,0
22,24,3,362.35,120.78,307,Gold,12,1
25,11,10,732.01,73.2,104,Gold,7,0
42,46,5,533.06,106.61,230,Bronze,12,1
44,34,14,862.47,61.6,101,Gold,2,0
63,55,26,332.65,12.79,29,Bronze,13,1
40,28,29,820.44,28.29,127,Bronze,0,0
47,5,21,360.37,17.16,338,Bronze,3,1
62,59,13,1464.82,112.68,10,Gold,8,0
64,5,26,383.13,14.74,106,Bronze,12,1
40,51,6,360.52,60.09,167,Bronze,0,0
66,21,12,818.73,68.23,257,Silver,11,1
64,12,26,911.8,35.07,295,Bronze,13,1
37,50,8,454.27,56.78,277,Bronze,10,1
35,4,5,149.1,29.82,65,Bronze,1,0
35,54,15,365.33,24.36,271,Bronze,8,1
19,49,27,1772.14,65.63,188,Bronze,1,0
21,42,16,749.16,46.82,317,Bronze,12,1
47,20,1,883.43,883.43,138,Silver,2,0
50,38,16,66.69,4.17,343,Bronze,6,1
53,25,5,365.42,73.08,105,Bronze,2,0
35,14,3,570.11,190.04,34,Gold,8,1
54,11,20,936.07,46.8,110,Bronze,5,0
36,32,15,75.26,5.02,33,Silver,2,0
64,11,13,1006.76,77.44,354,Bronze,8,1
45,18,24,447.48,18.64,231,Bronze,0,0
57,27,16,159.9,9.99,317,Bronze,9,1
37,55,23,240.82,10.47,266,Bronze,2,0
66,54,11,215.59,19.6,182,Bronze,0,0
50,18,21,428.43,20.4,340,Bronze,1,1
29,56,2,76.53,38.26,65,Bronze,11,1
68,23,22,136.31,6.2,333,Bronze,7,1
32,11,27,887.5,32.87,1,Bronze,6,0
58,21,6,121.13,20.19,133,Bronze,1,0
56,44,26,182.89,7.03,80,Bronze,1,0
19,5,26,351.99,13.54,271,Silver,8,1
46,23,27,413.99,15.33,241,Silver,12,1
58,41,6,771.14,128.52,28,Bronze,12,1
27,59,14,346.5,24.75,223,Silver,5,0
19,25,25,830.0,33.2,23,Silver,4,0
68,41,11,531.62,48.33,109,Bronze,9,1
28,54,8,110.01,13.75,107,Gold,5,0
30,10,8,135.0,16.88,145,Gold,8,1
27,22,1,337.27,337.27,354,Bronze,10,1
31,19,21,302.83,14.42,139,Bronze,6,0
35,1,7,730.4,104.34,284,Silver,14,1
68,7,6,484.63,80.77,298,Silver,9,1
71,4,21,295.62,14.08,99,Bronze,9,1
26,1,8,143.62,17.95,317,Bronze,13,1
74,15,19,178.63,9.4,123,Bronze,8,1
56,40,22,478.42,21.75,320,Bronze,3,1
45,12,21,325.34,15.49,287,Silver,1,1
20,22,24,411.73,17.16,81,Bronze,11,1
37,22,20,143.57,7.18,10,Bronze,7,0
23,50,8,593.7,74.21,8,Silver,3,0
44,47,26,1007.09,38.73,205,Bronze,12,1
70,17,14,199.16,14.23,315,Bronze,8,1
19,29,18,388.16,21.56,197,Silver,14,0
46,46,25,1905.1,76.2,198,Gold,14,0
55,14,29,252.66,8.71,30,Silver,3,0
20,50,16,501.99,31.37,20,Silver,14,1
33,20,9,97.26,10.81,48,Bronze,7,0
47,50,15,515.72,34.38,130,Bronze,8,1
57,48,26,96.95,3.73,293,Silver,12,1
19,33,10,1649.97,165.0,132,Bronze,8,1
34,55,29,678.8,23.41,356,Bronze,9,1
58,59,22,825.96,37.54,54,Bronze,3,0
29,43,16,658.87,41.18,281,Bronze,0,0
52,15,4,495.47,123.87,265,Bronze,14,1
60,12,20,348.84,17.44,215,Bronze,2,1
18,40,13,1027.28,79.02,290,Bronze,8,1
72,54,22,1621.37,73.7,43,Bronze,3,0
62,20,5,395.61,79.12,74,Gold,4,0
32,30,22,1390.72,63.21,350,Silver,6,0
43,38,7,487.73,69.68,278,Silver,4,0
54,3,23,436.51,18.98,326,Silver,3,1
38,28,9,353.01,39.22,242,Bronze,14,1
66,56,8,167.41,20.93,130,Bronze,1,0
48,26,29,51.86,1.79,350,Silver,14,1
42,30,16,188.21,11.76,194,Silver,1,0
40,13,6,406.39,67.73,32,Silver,12,0
41,13,28,288.99,10.32,106,Bronze,12,0
74,2,16,347.54,21.72,204,Bronze,3,1
55,37,6,2022.49,337.08,1,Bronze,9,1
45,49,14,265.6,18.97,245,Bronze,12,1
38,38,21,350.91,16.71,72,Silver,9,0
71,2,1,121.66,121.66,306,Silver,12,1
60,36,25,74.57,2.98,15,Bronze,14,1
35,54,9,796.74,88.53,53,Gold,8,0
53,26,25,472.78,18.91,8,Silver,7,0
52,11,27,765.03,28.33,330,Bronze,2,1
62,8,24,131.18,5.47,46,Bronze,14,0
72,44,13,474.12,36.47,325,Bronze,13,1
26,40,26,196.28,7.55,114,Bronze,8,1
70,43,29,179.43,6.19,147,Bronze,13,1
55,22,19,55.8,2.94,166,Bronze,4,0
47,20,17,119.83,7.05,139,Bronze,10,1
61,8,11,235.0,21.36,117,Bronze,2,0
51,29,28,112.15,4.01,299,Gold,4,0
49,40,28,2179.32,77.83,276,Bronze,12,1
20,26,8,234.54,29.32,277,Silver,9,1
20,30,23,119.82,5.21,338,Bronze,12,1
45,17,29,161.0,5.55,313,Gold,3,0
61,20,5,493.01,98.6,178,Bronze,7,0
32,52,10,83.09,8.31,330,Bronze,12,1
58,55,7,1041.83,148.83,354,Gold,11,1
40,16,10,1678.54,167.85,154,Gold,4,0
57,46,4,191.68,47.92,201,Silver,9,1
28,43,9,349.01,38.78,115,Bronze,11,1
65,7,27,61.19,2.27,159,Bronze,7,0
49,16,26,561.81,21.61,42,Silver,8,0
74,45,14,317.15,22.65,247,Gold,3,0
71,59,2,207.4,103.7,68,Silver,6,0
53,47,25,165.86,6.63,326,Silver,1,0
50,56,9,580.69,64.52,334,Bronze,5,1
41,48,21,319.11,15.2,196,Silver,7,0
56,27,27,149.02,5.52,90,Bronze,11,1
51,53,1,634.16,634.16,111,Bronze,6,0
73,23,23,466.29,20.27,359,Bronze,6,1
45,24,10,1028.34,102.83,145,Silver,7,0
54,9,10,112.48,11.25,275,Bronze,6,0
24,35,20,820.11,41.01,179,Bronze,4,0
21,51,25,609.69,24.39,241,Silver,6,0
54,20,22,111.09,5.05,326,Bronze,12,1
73,37,29,643.43,22.19,319,Silver,13,1
18,42,3,341.29,113.76,331,Bronze,9,1
18,17,6,1500.07,250.01,153,Bronze,2,0
64,47,29,126.35,4.36,104,Silver,4,0
37,31,26,564.78,21.72,75,Bronze,6,0
36,55,6,290.62,48.44,128,Bronze,14,1
46,57,21,1621.13,77.2,199,Bronze,8,0
27,8,2,250.22,125.11,154,Bronze,14,1
35,15,26,1687.54,64.91,56,Gold,1,0
45,31,26,1208.78,46.49,278,Bronze,3,0
52,53,18,207.62,11.53,345,Silver,11,1
60,30,23,863.65,37.55,19,Bronze,6,0
64,46,2,2763.55,1381.78,159,Silver,0,0
48,20,12,195.62,16.3,26,Silver,12,0
44,39,22,337.04,15.32,169,Silver,1,0
28,53,5,417.17,83.43,23,Bronze,8,1
66,55,20,224.73,11.24,47,Bronze,12,1
66,12,7,57.69,8.24,13,Bronze,9,0
55,49,24,174.31,7.26,217,Gold,6,0
22,17,16,215.6,13.48,322,Silver,11,1
25,42,20,343.13,17.16,194,Gold,9,0
51,30,1,143.83,143.83,144,Bronze,6,1
65,29,1,1082.79,1082.79,73,Silver,5,0
69,19,17,660.24,38.84,156,Gold,2,0
73,46,27,94.53,3.5,77,Bronze,9,1
29,11,1,575.04,575.04,169,Bronze,2,0
55,34,21,580.16,27.63,287,Silver,1,0
18,50,20,1614.3,80.72,85,Silver,10,0
48,7,13,51.51,3.96,182,Silver,5,0
21,44,9,192.46,21.38,315,Bronze,3,1
66,58,15,1364.1,90.94,297,Silver,4,0
62,34,3,1395.11,465.04,112,Bronze,2,0
67,59,14,687.53,49.11,230,Bronze,5,0
22,20,23,775.71,33.73,96,Bronze,10,1
47,50,11,97.97,8.91,168,Silver,11,1
73,38,24,410.65,17.11,156,Silver,2,0
41,24,22,181.71,8.26,105,Silver,13,0
20,10,12,149.97,12.5,193,Bronze,14,0
28,32,13,881.16,67.78,330,Gold,13,1
62,52,26,122.53,4.71,132,Bronze,7,0
21,15,13,366.17,28.17,355,Silver,8,1
43,37,1,1445.0,1445.0,138,Bronze,3,0
44,20,24,152.79,6.37,331,Bronze,14,1
63,3,10,1958.21,195.82,270,Bronze,8,1
71,37,3,2632.59,877.53,38,Bronze,11,1
60,57,24,455.53,18.98,45,Silver,6,0
44,40,28,143.25,5.12,163,Silver,2,0
59,8,4,239.98,60.0,331,Bronze,6,0
68,40,16,326.25,20.39,253,Gold,13,1
67,44,8,235.04,29.38,169,Bronze,0,0
23,56,16,214.69,13.42,285,Silver,2,0
32,23,27,1841.89,68.22,274,Gold,5,0
70,40,17,133.24,7.84,20,Silver,3,0
47,11,19,710.87,37.41,239,Bronze,6,0
59,46,22,50.21,2.28,270,Gold,13,1
54,8,15,503.4,33.56,310,Silver,2,0
54,29,16,1288.13,80.51,31,Bronze,0,0
59,30,15,219.79,14.65,314,Bronze,8,1
54,56,25,152.61,6.1,104,Silver,14,1
52,10,2,577.32,288.66,170,Silver,5,0
40,39,11,673.44,61.22,186,Silver,7,0
23,28,1,632.42,632.42,128,Gold,2,0
21,49,15,242.33,16.16,210,Silver,7,1
35,36,26,195.31,7.51,281,Bronze,1,0
26,13,19,1610.86,84.78,253,Bronze,11,1
66,32,4,1333.92,333.48,19,Bronze,3,0
46,36,11,355.61,32.33,200,Silver,2,0
30,37,5,986.03,197.21,220,Bronze,9,1
64,26,3,351.04,117.01,136,Silver,0,0
69,22,13,326.16,25.09,223,Silver,14,1
34,4,10,135.25,13.52,3,Gold,12,1
62,31,11,327.92,29.81,236,Bronze,12,1
49,18,18,435.46,24.19,342,Silver,6,0
65,38,2,61.38,30.69,228,Bronze,10,1
39,24,7,343.6,49.09,142,Silver,9,0
21,56,9,810.16,90.02,9,Bronze,1,0
22,23,10,619.79,61.98,190,Bronze,3,0
54,22,18,554.14,30.79,350,Silver,8,1
58,2,23,1251.51,54.41,165,Bronze,5,0
66,31,7,59.1,8.44,139,Bronze,7,0
30,55,27,457.15,16.93,276,Silver,1,1
51,11,7,824.05,117.72,291,Silver,6,0
62,28,3,439.72,146.57,53,Silver,5,0
39,46,12,245.7,20.47,175,Silver,12,0
70,32,7,123.24,17.61,110,Silver,13,0
40,5,17,1142.68,67.22,203,Bronze,8,1
68,38,26,368.16,14.16,136,Bronze,6,0
20,10,1,1102.34,1102.34,4,Bronze,0,0
59,40,5,490.77,98.15,155,Gold,13,0
51,46,16,610.72,38.17,172,Silver,7,0
49,24,15,865.49,57.7,358,Bronze,10,1
62,35,2,588.16,294.08,47,Bronze,9,1
68,44,9,303.79,33.75,94,Gold,14,0
66,48,7,410.4,58.63,48,Bronze,2,0
38,23,4,862.39,215.6,240,Silver,13,1
63,17,20,283.92,14.2,347,Silver,1,0
61,1,18,295.61,16.42,213,Silver,11,1
38,55,21,100.29,4.78,340,Bronze,2,0
61,31,4,1280.11,320.03,324,Gold,10,1
28,31,28,97.73,3.49,139,Gold,5,0
56,42,13,572.36,44.03,205,Silver,12,1
21,57,1,316.53,316.53,73,Silver,13,1
68,55,28,310.12,11.08,4,Gold,2,0
18,42,24,619.02,25.79,76,Silver,9,0
45,53,3,84.73,28.24,329,Bronze,4,1
41,56,16,500.34,31.27,77,Silver,5,0
52,34,22,789.27,35.88,304,Silver,7,0
30,9,4,930.75,232.69,256,Bronze,6,1
64,22,25,143.48,5.74,102,Silver,13,1
51,13,23,1188.55,51.68,106,Gold,10,0
28,25,25,583.77,23.35,333,Gold,7,0
53,48,16,1117.92,69.87,39,Bronze,2,0
68,18,26,382.07,14.7,314,Bronze,3,1
34,51,19,440.48,23.18,275,Gold,5,0
52,12,1,1306.89,1306.89,88,Silver,10,1
35,40,5,1200.84,240.17,211,Bronze,6,0
57,17,19,347.25,18.28,77,Gold,8,1
39,15,22,210.39,9.56,77,Gold,12,0
74,42,24,299.75,12.49,28,Silver,0,0
41,15,11,295.32,26.85,245,Silver,12,1
36,15,13,219.04,16.85,66,Bronze,14,0
54,55,20,206.38,10.32,266,Bronze,7,0
56,39,5,1036.87,207.37,205,Bronze,7,1
38,13,21,86.21,4.11,58,Silver,5,0
25,17,4,616.0,154.0,201,Bronze,3,1
45,32,4,144.87,36.22,225,Bronze,2,1
22,9,4,261.18,65.3,142,Bronze,10,1
34,40,4,81.76,20.44,84,Silver,2,0
54,20,20,207.34,10.37,143,Gold,5,0
53,26,21,781.42,37.21,352,Bronze,12,1
71,27,18,1131.48,62.86,33,Bronze,7,0
36,21,18,175.21,9.73,152,Silver,6,0
44,18,16,361.39,22.59,158,Bronze,10,1
70,13,9,367.74,40.86,141,Bronze,0,0
51,16,18,1084.05,60.22,251,Bronze,10,1
28,9,22,769.42,34.97,303,Bronze,5,1
71,12,2,409.82,204.91,112,Bronze,6,0
62,44,21,605.46,28.83,144,Bronze,11,0
64,38,4,989.82,247.46,209,Bronze,6,1
29,19,12,54.79,4.57,224,Gold,8,1
71,7,7,307.83,43.98,43,Bronze,10,1
38,57,15,1238.89,82.59,264,Silver,10,1
71,35,7,724.14,103.45,244,Silver,9,1
28,48,29,441.36,15.22,3,Bronze,4,0
56,18,22,427.13,19.42,125,Silver,0,0
45,16,26,263.68,10.14,268,Bronze,1,0
22,55,21,417.53,19.88,84,Gold,14,1
34,39,17,582.66,34.27,16,Bronze,3,0
73,4,16,320.95,20.06,334,Bronze,4,1
37,59,28,676.15,24.15,59,Bronze,8,1
58,25,19,1037.48,54.6,177,Gold,10,0
63,32,9,134.02,14.89,63,Silver,14,1
29,40,14,350.33,25.02,49,Silver,0,0
23,13,17,312.14,18.36,307,Bronze,2,0
34,45,5,631.52,126.3,246,Silver,4,0
68,17,2,193.75,96.88,289,Bronze,2,1
36,49,20,561.17,28.06,286,Gold,3,0
43,37,16,1099.78,68.74,332,Bronze,14,1
65,6,14,320.76,22.91,15,Bronze,13,1
61,19,14,1259.65,89.98,338,Bronze,2,0
61,13,27,2542.76,94.18,255,Bronze,3,0
69,57,1,106.08,106.08,92,Silver,13,1
49,26,3,182.67,60.89,279,Bronze,14,1
23,14,26,1551.68,59.68,206,Silver,12,1
72,31,7,1638.96,234.14,94,Bronze,12,1
53,54,26,101.41,3.9,225,Silver,14,1
55,4,15,57.56,3.84,301,Bronze,14,1
28,39,19,137.83,7.25,318,Bronze,0,0
50,8,20,2812.33,140.62,199,Silver,11,0
41,25,2,149.23,74.61,271,Bronze,7,1
40,13,19,399.13,21.01,234,Bronze,3,1
32,32,9,993.31,110.37,46,Gold,6,0
44,59,19,60.31,3.17,64,Gold,1,0
28,38,27,513.79,19.03,230,Bronze,1,1
74,38,5,212.19,42.44,249,Bronze,5,1
68,56,18,1041.47,57.86,246,Silver,13,1
67,28,16,216.66,13.54,75,Bronze,1,0
34,53,4,630.39,157.6,157,Bronze,14,1
68,30,12,610.77,50.9,223,Bronze,14,1
70,3,29,175.19,6.04,190,Silver,5,0
31,28,7,67.71,9.67,52,Silver,10,0
44,3,14,313.18,22.37,88,Bronze,14,1
35,45,23,220.68,9.59,313,Bronze,1,0
45,54,12,877.68,73.14,339,Bronze,3,1
68,34,3,855.63,285.21,66,Silver,6,0
64,16,5,355.35,71.07,150,Bronze,7,0
64,22,17,516.35,30.37,20,Bronze,14,1
21,32,26,513.5,19.75,33,Silver,2,0
24,38,10,927.69,92.77,328,Bronze,13,1
62,8,10,326.69,32.67,281,Silver,14,1
52,55,11,211.1,19.19,46,Bronze,12,0
65,8,17,203.97,12.0,73,Bronze,8,1
26,57,5,434.14,86.83,354,Bronze,1,0
25,6,13,348.14,26.78,313,Silver,7,0
69,14,10,340.02,34.0,343,Gold,7,0
62,32,9,97.78,10.86,133,Silver,12,1
34,35,17,684.0,40.24,55,Bronze,13,1
34,10,1,170.23,170.23,61,Silver,3,0
66,3,4,159.67,39.92,345,Bronze,0,1
50,59,4,316.16,79.04,8,Bronze,12,1
49,12,18,179.24,9.96,272,Gold,0,0
25,49,9,488.36,54.26,246,Bronze,1,1
36,59,25,282.18,11.29,176,Bronze,13,1
55,31,29,347.93,12.0,116,Bronze,14,1
20,29,29,435.2,15.01,317,Bronze,11,1
22,5,18,163.79,9.1,271,Bronze,13,1
30,52,14,134.65,9.62,193,Silver,8,0
64,25,25,1111.89,44.48,150,Bronze,12,1
63,41,15,334.34,22.29,131,Gold,1,0
48,31,6,315.59,52.6,102,Silver,1,0
72,21,24,68.13,2.84,310,Bronze,5,0
33,58,10,394.55,39.46,270,Bronze,6,0
67,20,29,453.91,15.65,292,Bronze,12,1
49,39,15,459.17,30.61,210,Silver,6,0
39,22,29,663.84,22.89,361,Bronze,14,1
46,4,4,147.69,36.92,338,Silver,12,1
39,13,18,195.33,10.85,67,Bronze,8,1
60,45,18,882.29,49.02,10,Silver,5,0
20,42,25,1520.34,60.81,49,Bronze,13,1
71,50,17,123.05,7.24,111,Bronze,7,0
27,49,12,394.23,32.85,321,Gold,10,1
59,20,7,170.51,24.36,219,Silver,5,0
38,52,16,80.98,5.06,57,Bronze,1,0
33,13,11,246.89,22.44,283,Gold,0,0
29,17,14,127.56,9.11,113,Bronze,4,0
19,54,3,668.82,222.94,133,Gold,13,0
58,36,19,431.49,22.71,71,Silver,8,1
41,33,18,127.65,7.09,83,Bronze,7,0
52,1,10,54.64,5.46,57,Bronze,13,1
73,15,6,875.54,145.92,349,Bronze,12,1
47,13,13,146.91,11.3,271,Silver,3,0
74,17,10,515.98,51.6,111,Silver,4,0
47,24,18,255.43,14.19,357,Bronze,12,1
64,58,26,490.32,18.86,76,Bronze,4,0
52,8,20,239.65,11.98,158,Silver,5,0
36,50,26,95.48,3.67,20,Gold,2,0
67,27,16,176.13,11.01,131,Silver,4,0
25,45,25,154.16,6.17,329,Bronze,1,1
43,23,25,329.33,13.17,122,Bronze,9,1
66,46,6,586.89,97.82,41,Bronze,0,0
57,8,13,203.13,15.63,167,Gold,10,1
24,8,4,56.07,14.02,130,Bronze,0,1
47,59,23,415.88,18.08,23,Silver,9,1
24,26,14,515.4,36.81,279,Bronze,6,1
20,47,1,1696.67,1696.67,251,Silver,1,1
18,59,28,495.15,17.68,9,Silver,3,0
53,13,20,368.55,18.43,13,Silver,4,0
42,39,5,475.96,95.19,307,Bronze,6,1
54,37,8,1364.85,170.61,320,Bronze,1,1
18,49,12,931.23,77.6,52,Bronze,13,1
32,28,2,245.03,122.52,209,Gold,5,1
54,25,12,185.42,15.45,38,Gold,0,0
30,16,5,202.34,40.47,100,Silver,6,0
57,55,22,401.01,18.23,193,Silver,8,1
25,2,5,731.39,146.28,191,Silver,4,0
22,54,13,399.8,30.75,51,Bronze,4,0
26,18,9,85.1,9.46,141,Gold,3,0
18,17,10,692.92,69.29,168,Bronze,2,0
53,30,1,869.87,869.87,311,Bronze,8,1
52,39,3,220.89,73.63,109,Silver,4,0
19,13,18,595.51,33.08,207,Bronze,7,0
57,32,12,328.08,27.34,300,Bronze,8,1
40,50,29,1149.65,39.64,110,Silver,4,0
26,29,3,982.89,327.63,196,Bronze,9,1
51,46,26,422.68,16.26,152,Silver,8,0
63,30,25,638.03,25.52,243,Bronze,1,1
31,18,29,1124.29,38.77,128,Bronze,8,1
21,13,9,392.31,43.59,105,Bronze,10,1
47,43,26,237.89,9.15,10,Bronze,3,0
48,21,2,750.53,375.26,356,Silver,5,1
55,30,3,174.27,58.09,148,Bronze,5,0
28,21,14,295.95,21.14,364,Silver,5,0
52,48,4,1053.94,263.48,140,Bronze,1,0
25,55,25,694.44,27.78,190,Silver,6,0
20,17,19,308.6,16.24,94,Gold,12,1
31,40,13,170.87,13.14,229,Silver,5,0
30,19,7,270.0,38.57,63,Bronze,10,1
62,52,12,217.11,18.09,340,Bronze,13,1
49,15,3,146.85,48.95,25,Bronze,0,0
51,9,23,729.99,31.74,268,Silver,1,0
62,52,23,195.22,8.49,281,Bronze,6,0
36,10,9,352.72,39.19,11,Bronze,0,0
55,44,2,293.77,146.88,320,Silver,14,1
33,31,29,2060.85,71.06,201,Bronze,0,1
19,53,22,298.04,13.55,126,Silver,0,0
57,23,9,91.68,10.19,306,Bronze,7,1
34,52,12,97.06,8.09,190,Bronze,3,0
72,30,12,496.72,41.39,89,Silver,3,0
51,33,15,507.35,33.82,355,Bronze,12,1
59,57,2,321.29,160.65,116,Silver,1,0
33,52,18,332.68,18.48,352,Bronze,10,1
55,9,13,77.72,5.98,177,Bronze,10,1
19,54,14,413.4,29.53,14,Silver,10,1
19,47,5,401.34,80.27,257,Silver,0,0
43,1,26,130.99,5.04,209,Silver,11,1
30,44,10,104.82,10.48,281,Bronze,9,1
73,35,12,115.95,9.66,328,Silver,8,1
64,11,10,103.25,10.32,325,Bronze,6,0
48,34,24,520.43,21.68,105,Bronze,3,0
51,16,11,159.38,14.49,147,Gold,11,0
56,9,25,194.8,7.79,279,Bronze,5,0
20,32,2,145.32,72.66,9,Gold,13,1
25,15,5,1633.09,326.62,118,Bronze,1,0
40,12,7,1014.19,144.88,94,Bronze,6,0
31,33,6,181.0,30.17,144,Silver,1,0
73,45,22,248.43,11.29,289,Gold,9,1
72,14,23,167.79,7.3,14,Silver,7,0
44,57,3,388.51,129.5,257,Silver,7,0
71,57,13,59.9,4.61,346,Silver,0,0
46,8,3,606.41,202.14,186,Silver,12,1
56,8,26,420.29,16.16,345,Silver,7,0
70,27,25,1194.53,47.78,207,Bronze,1,0
56,12,24,139.8,5.82,346,Bronze,5,0
18,1,21,865.1,41.2,172,Bronze,12,1
34,43,6,835.01,139.17,270,Gold,0,0
58,40,11,118.01,10.73,221,Gold,4,0
47,42,28,304.21,10.86,152,Bronze,10,1
70,51,26,143.26,5.51,111,Silver,6,0
30,11,17,197.0,11.59,183,Gold,12,0
38,39,10,202.75,20.27,339,Bronze,9,1
36,43,12,456.23,38.02,72,Silver,0,0
70,31,17,315.01,18.53,283,Gold,14,1
36,17,4,1525.69,381.42,74,Bronze,1,0
74,33,2,117.55,58.78,355,Silver,6,0
42,32,11,1868.94,169.9,215,Bronze,5,1
39,58,7,181.1,25.87,328,Gold,2,0
48,29,2,791.13,395.56,23,Gold,13,1
34,21,26,256.98,9.88,68,Gold,9,0
72,21,18,127.21,7.07,362,Bronze,1,0
40,40,21,1025.57,48.84,93,Gold,9,1
49,23,4,234.71,58.68,321,Silver,3,0
27,56,8,587.72,73.46,324,Bronze,2,1
27,6,20,467.87,23.39,63,Silver,6,0
53,22,14,369.1,26.36,224,Bronze,7,1
25,50,12,392.41,32.7,225,Silver,1,0
71,38,22,708.83,32.22,346,Bronze,9,1
69,37,21,95.93,4.57,337,Bronze,6,0
37,45,27,601.58,22.28,103,Bronze,7,0
49,51,18,1180.78,65.6,215,Silver,5,0
67,54,11,79.76,7.25,192,Bronze,5,0
31,8,29,125.79,4.34,160,Silver,9,0
67,41,28,680.5,24.3,207,Bronze,0,1
45,49,8,337.49,42.19,269,Bronze,3,1
63,35,2,308.38,154.19,194,Silver,13,1
69,51,25,123.65,4.95,152,Silver,0,0
70,11,15,403.39,26.89,237,Bronze,3,1
41,24,9,117.65,13.07,88,Silver,1,0
32,49,19,373.72,19.67,11,Gold,10,1
39,21,20,771.15,38.56,187,Silver,12,0
47,51,8,199.38,24.92,214,Bronze,4,0
21,2,25,377.72,15.11,15,Bronze,9,1
30,40,19,2465.16,129.75,266,Gold,13,1
40,19,5,630.22,126.04,297,Bronze,8,1
25,39,11,970.55,88.23,73,Gold,10,0
35,28,15,317.94,21.2,52,Silver,14,0
29,59,8,780.21,97.53,128,Gold,11,0
72,17,19,70.68,3.72,28,Silver,9,1
48,6,23,115.57,5.02,65,Gold,2,0
31,19,27,163.49,6.06,17,Bronze,7,0
51,56,8,307.04,38.38,351,Silver,2,0
35,38,26,984.57,37.87,138,Bronze,5,0
73,28,27,262.53,9.72,319,Bronze,3,0
51,2,19,581.56,30.61,229,Silver,7,1
28,38,18,667.76,37.1,254,Gold,10,1
58,55,10,491.16,49.12,210,Gold,5,0
29,37,29,270.99,9.34,294,Silver,7,0
66,51,7,480.25,68.61,231,Bronze,0,1
32,52,28,259.48,9.27,241,Bronze,5,1
74,4,9,93.8,10.42,70,Silver,0,0
48,22,1,2517.11,2517.11,104,Bronze,0,0
66,26,19,118.01,6.21,204,Bronze,7,1
46,49,5,87.55,17.51,53,Bronze,14,1
43,43,19,1104.05,58.11,330,Bronze,6,0
35,36,1,229.65,229.65,54,Bronze,2,0
49,58,15,575.34,38.36,276,Bronze,5,0
39,13,16,249.5,15.59,335,Bronze,14,1
55,52,23,298.34,12.97,31,Bronze,8,0
34,58,7,201.98,28.85,135,Gold,6,0
40,32,26,260.07,10.0,58,Bronze,11,1
41,17,12,314.41,26.2,105,Bronze,2,0
67,41,8,687.23,85.9,266,Silver,13,1
25,36,5,408.24,81.65,10,Bronze,13,0
58,55,10,1487.33,148.73,253,Gold,12,1
23,46,28,71.39,2.55,295,Silver,5,0
22,19,21,399.65,19.03,156,Bronze,10,1
61,58,5,488.81,97.76,158,Bronze,3,0
74,35,17,1314.1,77.3,37,Gold,13,0
46,46,26,75.2,2.89,119,Gold,12,0
45,40,5,476.07,95.21,67,Bronze,2,0
28,56,22,1010.81,45.95,242,Silver,8,1
74,59,15,188.49,12.57,299,Bronze,9,1
18,28,13,1094.92,84.22,213,Gold,1,1
60,1,28,59.61,2.13,308,Bronze,0,1
36,42,1,709.23,709.23,101,Gold,14,1
26,18,11,1402.38,127.49,56,Silver,13,0
44,48,23,585.3,25.45,332,Silver,1,1
51,40,1,339.04,339.04,324,Silver,6,1
61,33,11,72.96,6.63,239,Bronze,9,1
21,12,18,1313.58,72.98,231,Bronze,0,1
53,8,18,367.72,20.43,362,Bronze,5,1
35,24,21,64.71,3.08,92,Bronze,13,1
32,16,26,635.3,24.43,279,Silver,6,0
68,50,16,378.73,23.67,109,Bronze,8,1
30,4,13,116.39,8.95,317,Bronze,14,1
36,38,7,170.57,24.37,168,Gold,13,0
66,44,1,83.33,83.33,300,Gold,7,1
23,27,26,477.0,18.35,218,Gold,5,0
65,9,16,536.47,33.53,222,Gold,2,0
73,47,1,402.35,402.35,161,Bronze,7,0
29,16,17,899.41,52.91,16,Bronze,6,0
68,56,6,1036.67,172.78,278,Silver,2,0
54,12,2,528.07,264.04,57,Silver,8,1
34,31,17,56.42,3.32,62,Bronze,11,1
40,24,6,644.1,107.35,363,Silver,1,0
43,55,14,320.64,22.9,327,Bronze,2,1
46,14,18,466.85,25.94,242,Bronze,1,0
50,45,6,573.6,95.6,90,Silver,12,0
44,25,10,265.57,26.56,72,Silver,0,0
42,34,24,1295.05,53.96,326,Silver,3,1
73,3,18,121.92,6.77,30,Bronze,4,0
72,58,27,606.63,22.47,359,Gold,12,1
27,24,9,52.18,5.8,288,Bronze,5,0
64,54,8,1342.81,167.85,86,Bronze,4,0
40,42,28,109.68,3.92,234,Gold,0,0
38,9,10,99.85,9.98,235,Gold,2,0
38,26,17,252.49,14.85,313,Gold,0,1
60,20,23,283.86,12.34,265,Silver,10,1
30,40,29,170.59,5.88,287,Silver,4,0
54,10,26,489.88,18.84,327,Silver,4,0
50,19,6,342.52,57.09,269,Bronze,11,1
41,3,14,67.39,4.81,186,Bronze,10,1
61,24,22,242.58,11.03,131,Bronze,12,1
28,5,22,881.51,40.07,291,Bronze,5,1
34,3,6,635.11,105.85,277,Silver,7,1
21,58,26,695.26,26.74,320,Bronze,9,1
64,27,7,648.86,92.69,351,Bronze,11,1
42,16,12,236.24,19.69,180,Bronze,0,0
47,49,3,102.49,34.16,290,Silver,3,1
26,15,14,209.05,14.93,163,Bronze,9,1
38,35,22,941.26,42.78,271,Gold,10,1
37,12,19,2017.92,106.21,96,Bronze,0,0
36,41,23,390.46,16.98,262,Bronze,8,1
36,53,16,54.87,3.43,353,Silver,10,1
29,44,7,125.44,17.92,288,Silver,6,0
54,26,8,244.36,30.54,83,Bronze,6,0
59,47,18,482.07,26.78,225,Silver,11,1
34,34,25,89.03,3.56,223,Silver,4,0
54,23,13,1485.5,114.27,118,Bronze,6,0
71,31,21,277.13,13.2,192,Gold,11,1
65,50,9,1268.54,140.95,79,Silver,14,0
56,20,10,808.25,80.82,78,Silver,1,0
45,12,21,754.14,35.91,147,Gold,13,0
58,23,23,516.62,22.46,107,Gold,12,1
52,4,27,542.8,20.1,271,Silver,3,1
64,23,9,558.06,62.01,244,Silver,13,1
65,48,15,545.4,36.36,73,Silver,13,0
35,55,20,453.41,22.67,357,Silver,6,0
31,48,2,2199.36,1099.68,354,Silver,2,1
52,1,25,708.93,28.36,26,Silver,1,0
61,54,13,800.17,61.55,210,Bronze,9,1
58,25,2,1079.67,539.84,92,Gold,1,0
24,2,19,171.44,9.02,125,Gold,12,1
58,30,26,93.76,3.61,73,Bronze,0,0
30,3,2,379.75,189.88,123,Silver,4,1
35,58,3,410.86,136.95,309,Bronze,11,1
54,21,6,933.58,155.6,184,Bronze,5,0
30,25,3,343.3,114.43,187,Silver,5,0
53,20,10,472.98,47.3,198,Bronze,8,0
48,49,24,424.4,17.68,78,Silver,3,0
19,52,27,69.48,2.57,348,Silver,0,0
33,22,6,527.54,87.92,186,Silver,5,0
26,21,23,930.26,40.45,344,Bronze,14,1
26,33,16,135.69,8.48,253,Bronze,4,0
55,52,17,501.11,29.48,13,Silver,9,1
28,38,19,500.22,26.33,299,Gold,5,0
71,15,3,139.67,46.56,76,Silver,2,0
73,58,18,115.89,6.44,51,Bronze,1,0
39,58,7,2007.31,286.76,275,Silver,5,0
50,46,9,300.21,33.36,149,Silver,12,0
53,52,20,179.01,8.95,219,Silver,0,0
62,15,12,143.96,12.0,122,Bronze,6,0
40,46,5,600.71,120.14,211,Silver,6,0
62,25,3,520.09,173.36,280,Silver,9,1
62,21,11,565.78,51.43,26,Gold,12,0
51,24,25,96.06,3.84,173,Bronze,6,0
26,57,4,1169.97,292.49,156,Silver,14,1
41,58,5,296.55,59.31,238,Gold,11,1
25,5,1,237.98,237.98,82,Bronze,10,1
24,6,27,360.28,13.34,356,Gold,9,1
53,49,28,297.2,10.61,273,Silver,0,0
35,43,29,1046.0,36.07,68,Bronze,14,0
20,48,18,1374.38,76.35,44,Bronze,3,0
45,44,12,230.81,19.23,61,Silver,12,0
23,47,13,1047.31,80.56,123,Bronze,6,0
61,23,9,810.54,90.06,349,Silver,10,1
61,4,2,1385.43,692.72,196,Bronze,8,1
38,27,5,191.02,38.2,330,Silver,4,1
45,18,13,480.14,36.93,323,Bronze,12,1
57,21,16,210.48,13.16,111,Gold,1,0
71,28,16,918.9,57.43,258,Gold,6,0
71,35,24,52.67,2.19,89,Gold,9,1
18,22,3,466.0,155.33,198,Silver,0,0
53,40,22,257.15,11.69,282,Bronze,6,1
38,23,4,244.81,61.2,200,Silver,5,0
60,3,11,567.69,51.61,99,Bronze,6,0
52,40,23,1003.53,43.63,27,Bronze,13,0
30,50,26,519.77,19.99,89,Bronze,12,1
74,10,14,1009.25,72.09,146,Bronze,9,0
66,25,29,203.67,7.02,182,Silver,2,0
71,52,3,416.47,138.82,257,Silver,14,1
71,49,16,349.41,21.84,189,Bronze,2,0
27,8,22,55.86,2.54,240,Bronze,6,0
70,55,15,456.88,30.46,359,Gold,12,1
61,11,28,591.65,21.13,196,Bronze,1,0
64,5,10,498.14,49.81,297,Bronze,0,1
70,58,9,716.43,79.6,165,Bronze,8,1
27,45,11,473.55,43.05,307,Silver,8,1
63,53,16,84.54,5.28,271,Silver,6,0
30,55,10,111.9,11.19,8,Bronze,6,0
54,37,17,503.76,29.63,38,Bronze,2,0
55,56,19,210.78,11.09,114,Silver,9,1
41,59,2,91.5,45.75,339,Silver,14,1
19,45,24,330.71,13.78,56,Bronze,1,0
39,38,23,454.08,19.74,359,Gold,10,1
34,29,2,249.3,124.65,138,Bronze,6,0
53,5,6,687.26,114.54,102,Bronze,8,1
31,9,19,566.09,29.79,334,Gold,0,0
27,59,8,252.35,31.54,177,Bronze,12,1
52,48,26,752.99,28.96,169,Silver,13,0
42,2,29,573.05,19.76,339,Bronze,3,1
20,1,3,557.29,185.76,286,Bronze,5,1
64,40,26,453.08,17.43,261,Gold,6,0
55,51,14,55.73,3.98,223,Bronze,9,1
34,30,25,646.2,25.85,199,Gold,6,0
29,11,16,285.84,17.86,211,Bronze,9,1
71,28,1,1478.94,1478.94,287,Bronze,1,1
69,44,21,901.83,42.94,180,Bronze,13,1
41,12,3,493.0,164.33,250,Silver,3,1
46,39,22,195.3,8.88,231,Bronze,4,0
60,26,26,163.9,6.3,23,Gold,13,0
42,13,18,258.05,14.34,48,Bronze,11,1
53,59,9,373.67,41.52,109,Gold,0,0
43,8,6,225.53,37.59,296,Bronze,0,0
55,54,23,411.73,17.9,6,Gold,9,1
18,28,21,140.38,6.68,38,Silver,2,0
37,58,25,1951.87,78.07,169,Silver,14,0
72,30,1,107.1,107.1,356,Silver,14,1
45,9,21,1393.71,66.37,283,Silver,9,1
33,39,27,1274.26,47.19,203,Silver,2,0
64,31,10,422.6,42.26,325,Bronze,11,1
34,58,27,695.33,25.75,313,Bronze,7,0
57,21,6,336.39,56.06,273,Gold,8,1
45,56,23,547.17,23.79,244,Silver,14,1
29,47,12,258.19,21.52,327,Silver,13,1
44,34,4,229.17,57.29,47,Bronze,10,1
71,55,28,481.65,17.2,249,Bronze,11,1
70,31,13,394.71,30.36,79,Bronze,0,0
59,52,17,483.2,28.42,110,Silver,13,0
64,25,27,218.9,8.11,13,Bronze,10,1
47,12,8,278.61,34.83,90,Bronze,1,0
58,1,26,93.81,3.61,342,Bronze,9,1
51,55,20,76.85,3.84,348,Bronze,1,1
54,22,3,196.15,65.38,280,Silver,14,1
23,40,12,88.57,7.38,221,Bronze,3,1
24,37,7,104.78,14.97,73,Silver,1,0
49,47,12,888.13,74.01,234,Bronze,6,0
49,1,2,69.82,34.91,260,Bronze,12,1
70,1,24,587.85,24.49,113,Bronze,14,1
42,57,14,209.11,14.94,46,Bronze,8,1
50,42,22,1076.09,48.91,274,Bronze,6,0
72,54,23,381.79,16.6,43,Bronze,11,1
24,42,5,232.34,46.47,208,Silver,5,0
69,21,9,414.53,46.06,349,Bronze,14,1
74,15,21,290.6,13.84,103,Silver,9,0
29,17,11,465.4,42.31,124,Gold,0,0
33,22,5,110.82,22.16,10,Silver,10,0
33,38,3,2952.99,984.33,329,Bronze,9,1
60,35,27,327.18,12.12,187,Bronze,8,1
70,45,17,264.03,15.53,31,Bronze,4,0
53,16,2,669.3,334.65,156,Bronze,10,1
30,8,24,276.2,11.51,60,Gold,4,0
24,47,1,945.7,945.7,249,Bronze,5,1
53,17,7,352.82,50.4,270,Bronze,8,1
64,17,14,685.69,48.98,217,Silver,12,1
68,54,5,106.84,21.37,2,Silver,7,0
26,26,19,985.79,51.88,24,Silver,7,0
49,13,28,715.37,25.55,206,Bronze,13,1
28,17,28,168.95,6.03,320,Bronze,7,1
25,38,11,128.49,11.68,199,Silver,0,0
50,17,23,240.11,10.44,356,Bronze,0,1
40,48,25,1916.32,76.65,114,Bronze,7,0
42,14,2,198.42,99.21,280,Bronze,4,0
73,45,8,354.52,44.32,155,Bronze,8,1
25,6,9,65.24,7.25,165,Bronze,1,0
62,35,27,303.11,11.23,222,Bronze,8,1
39,46,3,473.52,157.84,91,Silver,11,0
21,14,2,1580.13,790.06,167,Silver,13,1
57,47,7,413.6,59.09,207,Silver,7,0
20,8,5,904.93,180.99,282,Bronze,8,1
46,15,21,446.07,21.24,65,Bronze,3,0
58,54,26,70.82,2.72,4,Bronze,0,0
46,27,5,239.17,47.83,157,Silver,0,0
51,13,20,478.48,23.92,249,Silver,4,0
51,49,13,1553.84,119.53,257,Bronze,1,0
45,31,21,1029.96,49.05,235,Gold,13,1
30,53,29,179.62,6.19,306,Bronze,7,1
32,56,20,174.3,8.72,74,Silver,9,0
40,35,29,162.31,5.6,187,Silver,10,0
61,6,6,1328.73,221.46,62,Gold,4,0
43,5,20,1007.53,50.38,337,Silver,4,1
21,22,18,795.57,44.2,164,Silver,1,0
43,58,25,299.4,11.98,56,Bronze,6,0
57,49,2,400.97,200.48,111,Silver,12,1
26,23,25,362.12,14.48,218,Bronze,7,1
72,25,26,196.11,7.54,240,Gold,9,1
22,34,6,401.63,66.94,21,Silver,12,1
73,26,9,65.49,7.28,141,Silver,0,0
49,47,25,120.67,4.83,265,Bronze,1,0
37,5,3,1138.37,379.46,139,Silver,9,1
67,26,1,746.52,746.52,70,Silver,3,0
28,20,1,324.84,324.84,118,Silver,4,0
32,6,19,414.02,21.79,198,Bronze,12,1
49,6,5,281.02,56.2,205,Bronze,1,0
45,59,13,725.04,55.77,214,Bronze,0,0
39,50,19,816.67,42.98,56,Bronze,8,1
58,18,12,770.45,64.2,287,Gold,13,1
34,4,16,691.17,43.2,293,Bronze,0,1
43,17,25,164.39,6.58,175,Gold,12,1
61,57,25,256.22,10.25,347,Bronze,14,1
24,14,19,367.29,19.33,128,Bronze,3,0
59,14,3,250.83,83.61,325,Silver,1,1
74,13,12,753.13,62.76,292,Silver,10,1
43,7,5,249.76,49.95,288,Bronze,3,0
42,44,2,124.38,62.19,226,Silver,7,1
27,55,22,304.61,13.85,64,Silver,7,0
62,15,7,2003.88,286.27,48,Bronze,14,1
36,19,13,178.02,13.69,202,Gold,10,1
28,43,25,523.58,20.94,337,Gold,11,1
30,47,15,333.67,22.24,60,Silver,8,0
70,44,22,86.84,3.95,257,Bronze,12,1
25,35,3,384.59,128.2,65,Silver,14,1
57,17,28,655.61,23.41,239,Bronze,10,1
21,35,21,409.97,19.52,289,Bronze,14,1
64,19,20,1078.28,53.91,38,Bronze,11,0
48,20,5,220.5,44.1,25,Bronze,4,0
45,36,24,95.1,3.96,59,Gold,6,0
28,35,8,1428.87,178.61,357,Silver,2,0
60,32,22,287.57,13.07,297,Silver,9,1
18,58,1,479.49,479.49,158,Bronze,3,0
66,48,8,835.12,104.39,57,Bronze,9,1
64,44,24,246.01,10.25,48,Bronze,8,0
69,40,18,679.68,37.76,328,Gold,9,1
55,24,20,122.76,6.14,56,Bronze,9,1
41,17,28,222.16,7.93,65,Gold,13,1
71,7,16,128.16,8.01,268,Silver,11,1
74,43,18,883.61,49.09,69,Bronze,0,0
64,50,20,175.93,8.8,216,Silver,1,0
48,1,12,681.87,56.82,89,Bronze,4,0
58,35,13,1484.98,114.23,281,Gold,2,1
63,32,13,425.15,32.7,257,Gold,1,0
67,36,10,438.3,43.83,160,Bronze,0,0
43,13,7,359.05,51.29,234,Bronze,9,1
66,6,25,247.18,9.89,131,Silver,2,0
67,58,14,372.8,26.63,49,Gold,0,0
22,14,24,511.67,21.32,147,Bronze,11,0
37,37,16,2184.05,136.5,316,Silver,0,0
69,48,15,1438.42,95.89,2,Silver,11,0
58,15,12,1040.81,86.73,329,Silver,0,0
28,47,9,1149.7,127.74,145,Bronze,7,0
73,4,8,365.41,45.68,61,Silver,14,1
71,40,18,585.66,32.54,273,Gold,2,0
50,59,23,1177.22,51.18,49,Bronze,10,1
67,16,18,299.57,16.64,332,Bronze,0,1
55,28,13,1681.97,129.38,131,Gold,6,0
44,16,28,318.74,11.38,43,Bronze,9,1
51,4,27,509.5,18.87,57,Gold,2,0
32,45,18,668.6,37.14,50,Bronze,7,0
49,26,15,1553.82,103.59,178,Bronze,3,0
38,28,4,190.26,47.56,293,Gold,3,0
63,32,17,735.47,43.26,46,Bronze,4,0
22,45,5,417.83,83.57,170,Silver,5,0
23,2,22,206.37,9.38,271,Bronze,6,1
55,31,16,799.41,49.96,336,Silver,13,1
39,3,9,451.73,50.19,139,Bronze,13,1
35,54,10,590.84,59.08,247,Bronze,3,1
31,8,24,244.97,10.21,148,Gold,7,0
27,24,18,378.19,21.01,230,Bronze,12,1
63,15,17,530.32,31.2,280,Silver,5,1
30,43,18,309.52,17.2,125,Bronze,13,1
48,31,7,160.56,22.94,192,Silver,0,0
47,9,4,1680.38,420.1,80,Bronze,0,0
20,39,26,408.17,15.7,94,Gold,8,0
47,45,5,711.98,142.4,226,Bronze,9,1
23,2,28,314.7,11.24,65,Bronze,5,1
46,8,23,269.35,11.71,88,Bronze,9,1
25,7,16,311.42,19.46,88,Bronze,7,0
61,56,3,313.14,104.38,201,Silver,12,1
62,44,26,442.83,17.03,214,Bronze,6,0
60,51,18,442.05,24.56,204,Silver,11,1
61,39,29,393.74,13.58,89,Bronze,5,0
50,42,23,122.39,5.32,61,Bronze,3,0
34,57,21,392.66,18.7,271,Silver,6,0
65,16,14,142.63,10.19,94,Silver,8,0
28,35,15,117.42,7.83,307,Bronze,13,1
30,30,17,1398.89,82.29,27,Bronze,10,0
67,10,1,514.37,514.37,214,Bronze,9,1
28,38,25,588.66,23.55,74,Silver,9,0
48,18,21,306.91,14.61,61,Silver,13,0
45,50,17,1248.34,73.43,186,Bronze,6,0
61,5,23,557.96,24.26,31,Silver,0,0
23,53,25,783.04,31.32,219,Silver,9,1
58,29,11,279.88,25.44,12,Silver,8,0
33,39,17,1659.59,97.62,302,Gold,12,1
21,34,26,908.68,34.95,32,Bronze,3,0
52,43,14,1011.9,72.28,160,Bronze,14,1
65,45,29,144.49,4.98,237,Bronze,2,0
73,23,20,208.02,10.4,227,Bronze,3,1
43,5,19,218.17,11.48,181,Silver,3,0
74,30,21,207.98,9.9,317,Gold,12,1
29,6,7,1016.92,145.27,46,Bronze,9,1
28,56,24,66.2,2.76,341,Bronze,10,1
54,58,13,89.58,6.89,80,Bronze,1,0
42,46,18,210.04,11.67,135,Gold,13,0
35,44,23,161.49,7.02,260,Bronze,11,1
36,4,14,181.89,12.99,308,Silver,13,1
40,29,1,849.6,849.6,247,Bronze,0,1
72,23,7,464.06,66.29,159,Bronze,11,1
55,6,8,52.89,6.61,203,Gold,9,1
71,32,18,330.47,18.36,112,Gold,11,1
35,42,9,312.03,34.67,292,Bronze,0,0
43,18,1,110.49,110.49,310,Gold,12,1
23,15,29,613.72,21.16,119,Silver,13,0
21,40,22,655.49,29.8,17,Gold,7,0
61,58,17,688.08,40.48,331,Bronze,13,1
68,32,19,701.84,36.94,227,Silver,1,0
46,9,27,50.03,1.85,361,Bronze,11,1
51,37,6,1588.7,264.78,117,Silver,9,0
34,10,3,891.57,297.19,43,Bronze,4,0
60,20,24,1221.61,50.9,115,Bronze,11,1
60,6,5,57.88,11.58,283,Bronze,3,1
70,48,2,1407.98,703.99,37,Silver,7,0
33,56,20,879.81,43.99,302,Bronze,1,0
19,59,25,957.68,38.31,113,Silver,9,0
51,3,4,98.96,24.74,35,Gold,8,1
72,42,10,721.19,72.12,132,Bronze,6,0
25,11,10,1658.4,165.84,336,Silver,14,1
30,43,24,617.45,25.73,336,Bronze,12,1
59,17,21,472.64,22.51,228,Gold,6,0
25,32,11,1505.97,136.91,147,Bronze,0,0
47,4,27,342.54,12.69,122,Silver,13,1
49,4,16,507.26,31.7,81,Silver,11,1
53,17,26,373.45,14.36,173,Gold,1,0
64,41,29,1400.39,48.29,154,Silver,3,0
47,19,29,89.57,3.09,150,Bronze,3,0
18,5,17,397.69,23.39,58,Silver,10,1
60,32,16,630.7,39.42,63,Gold,13,0
56,22,7,834.88,119.27,156,Silver,2,0
34,56,16,487.36,30.46,356,Bronze,6,0
37,6,3,1248.0,416.0,322,Gold,11,1
41,35,26,1473.58,56.68,168,Silver,7,0
67,22,16,83.24,5.2,166,Silver,1,0
39,1,8,307.39,38.42,85,Bronze,3,0
46,20,12,61.87,5.16,137,Silver,13,0
39,22,3,249.8,83.27,189,Bronze,2,0
61,48,17,434.87,25.58,2,Silver,1,0
26,55,21,1258.41,59.92,106,Bronze,11,1
54,11,18,987.2,54.84,364,Silver,12,1
27,13,11,118.2,10.75,72,Gold,13,0
53,59,4,98.82,24.7,126,Bronze,5,0
54,42,16,494.91,30.93,170,Gold,12,1
45,3,17,429.77,25.28,205,Bronze,3,1
45,9,9,204.88,22.76,313,Gold,5,0
59,12,6,1198.57,199.76,337,Silver,1,0
60,23,24,1361.16,56.72,195,Silver,11,1
38,14,27,307.59,11.39,158,Silver,3,0
41,33,20,1155.01,57.75,141,Gold,10,1
59,18,25,292.21,11.69,275,Bronze,5,0
57,49,2,717.45,358.72,7,Bronze,13,1
19,59,9,373.08,41.45,54,Silver,4,0
72,41,28,115.39,4.12,104,Silver,2,0
25,9,21,1365.09,65.0,342,Silver,7,0
65,23,29,352.66,12.16,338,Silver,6,0
44,10,6,713.05,118.84,61,Bronze,2,0
39,19,3,278.78,92.93,87,Silver,5,0
54,47,20,59.53,2.98,258,Bronze,3,1
44,5,6,102.97,17.16,178,Silver,10,1
74,47,7,392.81,56.12,242,Bronze,4,0
46,52,1,635.53,635.53,203,Bronze,10,1
20,23,23,253.79,11.03,31,Bronze,4,0
61,30,1,644.52,644.52,289,Bronze,6,1
30,25,5,649.72,129.94,80,Silver,10,0
62,28,6,658.59,109.76,11,Bronze,4,0
27,34,13,389.15,29.93,254,Bronze,10,1
53,45,2,1281.88,640.94,287,Bronze,14,1
26,56,15,385.89,25.73,176,Bronze,2,0
71,48,15,349.16,23.28,126,Bronze,9,1
73,47,13,161.18,12.4,47,Bronze,4,0
72,25,26,233.84,8.99,206,Silver,6,0
44,10,25,71.63,2.87,107,Silver,4,0
51,14,14,551.93,39.42,275,Silver,4,0
68,42,26,192.87,7.42,337,Bronze,8,1
18,57,22,231.31,10.51,123,Bronze,14,0
49,46,7,786.61,112.37,134,Gold,2,0
42,58,14,248.17,17.73,107,Silver,12,0
46,30,26,188.67,7.26,305,Bronze,5,0
24,55,24,142.6,5.94,329,Bronze,0,1
66,41,27,795.51,29.46,50,Bronze,9,1
20,25,29,119.46,4.12,337,Bronze,4,1
37,14,10,352.34,35.23,95,Bronze,7,0
37,35,17,403.55,23.74,268,Silver,4,0
70,52,14,631.4,45.1,23,Silver,8,0
47,48,8,551.58,68.95,54,Silver,10,0
52,34,4,882.27,220.57,254,Silver,5,1
52,10,26,72.89,2.8,235,Silver,7,0
66,35,16,225.8,14.11,59,Silver,9,0
56,11,24,214.35,8.93,164,Gold,7,0
44,11,13,128.92,9.92,259,Bronze,12,1
43,21,22,220.67,10.03,314,Bronze,2,0
31,21,27,235.36,8.72,216,Bronze,6,0
34,22,25,418.95,16.76,183,Silver,13,0
35,45,27,594.88,22.03,57,Gold,6,0
62,7,20,289.91,14.5,145,Bronze,13,1
69,55,18,685.54,38.09,90,Gold,9,1
46,17,14,254.86,18.2,311,Bronze,11,1
37,2,18,221.44,12.3,45,Gold,5,0
70,12,5,439.56,87.91,257,Bronze,11,1
44,57,26,62.0,2.38,21,Bronze,6,0
35,42,9,91.58,10.18,21,Bronze,13,1
21,18,28,320.62,11.45,52,Bronze,1,0
18,54,3,1481.59,493.86,338,Bronze,8,1
67,59,8,689.19,86.15,171,Bronze,9,0
18,11,20,96.13,4.81,67,Silver,9,0
43,16,22,986.43,44.84,113,Silver,0,0
62,49,10,708.95,70.9,300,Bronze,0,1
37,51,22,522.02,23.73,160,Silver,2,0
69,18,19,908.21,47.8,266,Silver,13,1
40,35,21,308.85,14.71,320,Bronze,14,1
27,53,28,175.19,6.26,232,Bronze,2,0
28,59,3,408.74,136.25,325,Bronze,0,1
58,26,11,447.97,40.72,68,Bronze,11,0
58,16,11,436.45,39.68,28,Silver,6,0
22,6,17,466.29,27.43,116,Bronze,3,0
18,57,16,1535.08,95.94,51,Silver,9,0
34,44,7,1212.65,173.24,181,Silver,12,0
39,43,4,1092.6,273.15,260,Bronze,1,1
51,47,23,858.27,37.32,79,Silver,9,0
73,47,19,1486.12,78.22,273,Bronze,4,0
62,48,12,101.84,8.49,108,Gold,5,0
58,42,15,204.03,13.6,74,Bronze,8,1
46,12,11,391.65,35.6,175,Silver,3,0
21,13,5,987.14,197.43,184,Silver,1,0
22,4,5,401.77,80.35,23,Bronze,4,0
28,39,15,739.23,49.28,274,Silver,2,0
73,54,29,124.81,4.3,129,Gold,1,0
68,2,18,195.45,10.86,291,Silver,11,1
38,26,11,707.97,64.36,320,Silver,0,0
52,59,26,140.0,5.38,186,Gold,9,1
29,27,12,266.44,22.2,59,Bronze,1,0
43,27,2,203.85,101.92,1,Bronze,5,0
68,15,20,265.29,13.26,131,Silver,7,0
36,8,15,666.06,44.4,67,Bronze,12,1
62,7,20,279.31,13.97,293,Silver,2,1
24,47,4,455.14,113.78,285,Gold,10,1
64,55,22,102.64,4.67,89,Bronze,14,0
72,46,18,867.42,48.19,100,Bronze,8,1
24,40,6,280.93,46.82,189,Silver,14,1
43,12,23,572.82,24.91,346,Bronze,11,1
57,13,27,696.2,25.79,241,Silver,8,1
22,43,26,167.65,6.45,270,Bronze,1,1
38,17,19,1130.0,59.47,219,Silver,7,0
31,17,11,528.85,48.08,176,Bronze,9,1
21,56,28,329.94,11.78,341,Silver,10,1
40,36,24,150.65,6.28,233,Bronze,11,1
59,21,2,1476.26,738.13,151,Silver,4,0
37,8,27,753.39,27.9,277,Bronze,3,0
32,5,8,166.61,20.83,229,Silver,9,1
67,26,29,256.03,8.83,171,Gold,4,0
69,16,11,879.51,79.96,223,Bronze,3,0
62,36,5,644.83,128.97,213,Bronze,7,0
46,28,18,775.76,43.1,282,Bronze,3,0
25,54,23,340.98,14.83,41,Silver,12,0
58,29,18,680.23,37.79,122,Silver,9,0
65,47,14,294.28,21.02,227,Silver,11,1
36,12,22,168.66,7.67,294,Bronze,12,1
65,37,10,550.76,55.08,88,Bronze,13,0
56,30,3,1915.14,638.38,267,Silver,5,1
63,23,9,235.97,26.22,29,Bronze,1,0
45,16,3,358.99,119.66,247,Gold,4,1
63,14,11,610.43,55.49,316,Bronze,5,1
74,10,12,439.9,36.66,244,Silver,4,0
44,7,12,977.12,81.43,61,Bronze,11,0
21,45,3,767.2,255.73,147,Bronze,1,0
32,52,21,80.03,3.81,174,Silver,13,0
52,37,7,3275.56,467.94,278,Silver,6,0
54,29,14,747.98,53.43,334,Gold,3,1
18,3,24,1047.19,43.63,142,Bronze,7,1
20,15,28,576.63,20.59,44,Bronze,6,0
64,36,11,1019.96,92.72,144,Silver,6,0
41,47,7,109.61,15.66,353,Silver,8,1
44,46,25,263.65,10.55,333,Bronze,0,0
57,52,21,1095.44,52.16,55,Bronze,9,0
53,19,10,162.61,16.26,307,Bronze,5,1
51,13,11,90.74,8.25,358,Gold,5,0
46,42,15,825.87,55.06,161,Bronze,5,0
41,21,19,952.38,50.13,285,Bronze,12,1
41,37,16,138.76,8.67,325,Bronze,11,1
59,27,22,1013.26,46.06,198,Bronze,5,0
21,55,21,630.41,30.02,159,Bronze,11,1
20,52,28,417.07,14.9,80,Silver,9,0
51,29,20,936.71,46.84,31,Bronze,6,0
74,20,12,321.72,26.81,112,Silver,13,0
66,25,18,157.83,8.77,46,Bronze,9,0
40,6,23,217.63,9.46,353,Silver,5,0
70,36,13,401.76,30.9,205,Gold,0,0
73,2,5,428.93,85.79,52,Silver,2,1
69,22,4,868.87,217.22,138,Silver,1,0
40,32,28,833.56,29.77,74,Bronze,5,0
62,16,14,485.38,34.67,41,Bronze,7,0
22,18,8,808.85,101.11,77,Silver,2,0
48,5,9,156.46,17.38,187,Gold,9,1
70,54,25,75.68,3.03,52,Silver,7,0
58,36,19,1084.29,57.07,87,Silver,7,0
74,30,3,89.28,29.76,109,Silver,4,0
74,45,5,191.64,38.33,225,Bronze,7,0
71,19,21,644.24,30.68,248,Bronze,5,0
23,23,26,313.35,12.05,69,Silver,4,0
54,34,18,1095.0,60.83,120,Gold,8,0
74,13,1,226.9,226.9,67,Bronze,13,1
27,43,8,55.97,7.0,61,Silver,6,0
57,54,19,228.81,12.04,327,Bronze,7,0
24,29,17,481.46,28.32,191,Silver,0,0
56,36,17,285.75,16.81,189,Bronze,10,0
55,22,11,432.72,39.34,151,Bronze,1,0
38,52,2,1096.15,548.08,286,Silver,7,1
37,52,6,1267.97,211.33,96,Bronze,11,1
20,47,22,204.61,9.3,312,Silver,8,1
68,36,14,360.08,25.72,309,Silver,3,0
39,9,3,448.3,149.43,263,Gold,11,1
64,39,12,1539.07,128.26,97,Bronze,9,0
21,51,4,3341.87,835.47,113,Bronze,10,0
45,19,12,184.21,15.35,125,Bronze,9,1
29,38,13,699.1,53.78,132,Gold,13,0
55,6,2,287.43,143.72,121,Gold,8,1
68,52,2,54.07,27.04,197,Silver,3,0
53,47,15,54.65,3.64,294,Silver,9,1
64,15,23,358.62,15.59,122,Silver,9,1
58,57,29,385.04,13.28,282,Silver,9,1
22,20,17,61.41,3.61,260,Bronze,8,1
30,9,7,630.66,90.09,39,Silver,10,1
40,32,28,224.07,8.0,54,Bronze,6,0
67,4,14,460.37,32.88,161,Silver,1,0
47,50,12,228.99,19.08,289,Silver,8,1
54,18,17,141.44,8.32,200,Silver,3,0
42,5,14,311.43,22.24,276,Bronze,7,1
65,20,6,182.16,30.36,16,Bronze,13,1
44,23,19,432.64,22.77,173,Bronze,6,0
68,11,24,160.84,6.7,248,Bronze,12,1
31,37,6,405.05,67.51,218,Bronze,14,1
74,22,27,135.62,5.02,87,Gold,6,0
65,58,18,605.81,33.66,82,Silver,7,0
64,4,24,751.09,31.3,62,Bronze,0,0
71,29,5,108.49,21.7,287,Bronze,4,0
53,44,24,365.37,15.22,42,Bronze,1,0
56,34,24,86.75,3.61,12,Silver,1,0
33,13,6,505.88,84.31,321,Silver,14,1
73,42,2,203.54,101.77,234,Gold,0,1
39,9,8,424.99,53.12,329,Bronze,4,0
38,42,15,414.35,27.62,131,Gold,1,0
71,31,15,1340.85,89.39,115,Gold,3,0
38,7,11,448.24,40.75,218,Bronze,2,0
25,4,22,487.33,22.15,137,Gold,2,0
66,19,22,306.79,13.94,106,Bronze,1,0
33,42,24,1538.75,64.11,179,Silver,12,0
72,30,1,800.71,800.71,16,Bronze,5,0
48,31,18,218.02,12.11,242,Gold,1,0
59,35,12,979.62,81.64,334,Gold,13,1
27,57,12,333.17,27.76,226,Silver,13,1
49,21,25,932.07,37.28,242,Silver,7,0
51,31,11,915.49,83.23,141,Bronze,7,0
26,19,28,154.66,5.52,199,Bronze,12,1
34,31,8,653.89,81.74,112,Bronze,13,1
28,53,28,221.7,7.92,127,Bronze,11,1
49,32,7,226.55,32.36,21,Silver,4,0
27,2,23,225.74,9.81,147,Bronze,9,1
39,59,21,696.53,33.17,89,Gold,6,0
74,52,2,180.57,90.28,303,Silver,3,1
34,10,11,50.45,4.59,203,Silver,0,0
21,2,22,678.05,30.82,85,Bronze,10,1
65,2,10,143.88,14.39,167,Gold,1,0
69,24,3,105.18,35.06,72,Gold,9,1
64,17,20,185.59,9.28,298,Bronze,9,1
42,32,29,288.94,9.96,9,Silver,3,0
38,16,10,373.04,37.3,281,Silver,0,0
54,16,28,72.8,2.6,258,Bronze,14,1
55,46,27,1812.93,67.15,275,Silver,12,1
66,39,18,679.5,37.75,238,Bronze,7,0
18,53,14,245.19,17.51,20,Bronze,8,1
42,31,18,241.87,13.44,233,Bronze,3,0
68,43,28,347.6,12.41,221,Bronze,9,1
53,24,24,542.08,22.59,326,Bronze,2,0
34,1,8,129.13,16.14,17,Bronze,1,1
58,11,10,154.7,15.47,89,Gold,4,0
41,55,22,1031.04,46.87,196,Silver,13,0
19,21,13,198.03,15.23,350,Gold,2,0
57,4,21,289.18,13.77,84,Bronze,9,1
32,7,8,1075.03,134.38,87,Bronze,6,0
49,26,4,594.06,148.51,307,Silver,10,1
56,47,27,259.06,9.59,338,Bronze,5,0
23,50,4,625.53,156.38,154,Bronze,0,0
18,12,5,59.94,11.99,228,Silver,11,1
64,31,1,715.23,715.23,264,Bronze,7,1
40,17,17,383.76,22.57,223,Silver,1,0
56,33,2,888.81,444.4,121,Silver,4,0
74,11,8,1596.54,199.57,173,Bronze,8,1
34,28,7,1350.42,192.92,4,Bronze,7,0
51,32,15,1249.91,83.33,342,Silver,1,0
58,1,26,408.89,15.73,128,Bronze,8,1
46,47,25,273.25,10.93,110,Bronze,4,0
26,28,5,362.78,72.56,355,Gold,9,1
30,53,2,635.42,317.71,37,Bronze,13,1
23,42,7,1127.07,161.01,71,Silver,5,0
23,7,8,165.96,20.74,289,Gold,12,1
37,2,28,1301.7,46.49,31,Bronze,2,1
69,42,7,894.19,127.74,268,Bronze,12,1
70,24,7,1978.2,282.6,11,Bronze,2,0
20,4,28,1111.18,39.68,344,Bronze,9,1
34,44,14,214.21,15.3,328,Bronze,7,1
66,19,21,106.0,5.05,32,Silver,10,0
29,26,18,109.53,6.08,57,Bronze,9,1
65,11,6,222.11,37.02,166,Silver,9,0
64,40,4,526.2,131.55,188,Gold,14,1
62,50,10,865.64,86.56,342,Silver,11,1
72,43,18,1197.56,66.53,19,Silver,1,0
18,11,12,538.76,44.9,116,Bronze,10,1
34,45,16,52.82,3.3,184,Silver,11,0
20,3,25,153.09,6.12,270,Silver,11,1
43,12,7,102.53,14.65,33,Bronze,1,0
32,3,6,275.75,45.96,10,Bronze,12,1
53,42,28,397.93,14.21,80,Gold,4,0
49,27,5,72.18,14.44,192,Bronze,5,0
49,49,3,264.22,88.07,320,Bronze,11,1
21,54,12,148.73,12.39,190,Bronze,1,0
35,2,15,570.74,38.05,68,Bronze,14,1
66,49,10,362.06,36.21,348,Silver,4,1
36,16,26,391.91,15.07,125,Silver,6,0
60,2,20,329.04,16.45,336,Silver,9,1
69,54,19,1612.01,84.84,59,Bronze,9,1
52,30,16,170.87,10.68,97,Bronze,7,0
57,20,28,413.52,14.77,275,Bronze,11,1
31,38,11,715.94,65.09,149,Bronze,6,0
50,28,8,456.92,57.12,278,Bronze,7,0
31,25,3,1372.68,457.56,265,Silver,13,1
51,32,23,287.38,12.49,9,Bronze,11,1
72,10,7,361.51,51.64,283,Silver,8,1
21,42,23,96.34,4.19,273,Bronze,14,1
41,40,29,519.52,17.91,301,Bronze,4,0
46,33,7,219.99,31.43,8,Bronze,12,0
36,13,14,137.36,9.81,208,Gold,4,0
23,56,2,443.21,221.6,125,Silver,10,1
74,41,10,429.98,43.0,123,Gold,9,1
50,54,19,89.45,4.71,33,Bronze,3,0
66,42,26,649.02,24.96,1,Bronze,12,1
57,47,9,538.78,59.86,204,Silver,8,1
36,37,16,154.75,9.67,6,Bronze,4,0
70,54,19,366.91,19.31,297,Silver,13,1
18,16,18,687.06,38.17,5,Bronze,1,0
22,45,9,426.91,47.43,80,Bronze,14,1
44,22,16,301.67,18.85,274,Bronze,9,1
33,57,13,244.55,18.81,177,Bronze,7,0
23,20,10,521.31,52.13,338,Silver,14,1
57,50,25,1449.33,57.97,321,Bronze,6,1
30,43,20,606.98,30.35,339,Bronze,7,1
65,27,14,88.84,6.35,136,Bronze,11,1
52,41,12,358.73,29.89,25,Bronze,2,0
36,16,25,1157.4,46.3,325,Silver,14,1
29,34,19,99.61,5.24,183,Gold,14,0
33,32,7,2299.31,328.47,168,Gold,3,0
60,26,23,1538.65,66.9,338,Silver,4,0
27,25,15,90.75,6.05,178,Bronze,5,0
42,2,16,1404.63,87.79,95,Silver,0,0
37,12,27,275.6,10.21,33,Bronze,3,0
48,40,8,981.23,122.65,111,Bronze,10,1
21,9,10,320.97,32.1,146,Silver,11,0
61,12,4,340.67,85.17,231,Bronze,9,1
40,26,19,552.89,29.1,272,Gold,12,1
19,9,19,794.67,41.82,336,Bronze,4,1
73,10,28,67.19,2.4,38,Silver,6,0
39,32,21,499.66,23.79,135,Silver,12,0
68,57,27,153.35,5.68,334,Gold,4,0
74,34,15,262.29,17.49,235,Silver,12,1
54,48,14,263.83,18.84,319,Silver,12,1
25,20,1,366.55,366.55,345,Bronze,0,1
24,39,16,253.34,15.83,160,Silver,10,1
31,2,10,106.79,10.68,38,Bronze,6,0
73,1,19,128.69,6.77,150,Silver,7,0
72,51,22,67.0,3.05,308,Silver,12,1
20,36,3,367.67,122.56,29,Silver,6,0
67,24,5,1594.45,318.89,144,Bronze,10,1
33,54,9,111.47,12.39,76,Bronze,13,1
72,27,18,1511.84,83.99,145,Silver,12,0
36,2,11,710.93,64.63,229,Bronze,14,1
68,31,16,557.36,34.84,64,Bronze,3,0
35,57,2,568.21,284.1,347,Bronze,7,1
69,14,12,926.45,77.2,345,Gold,14,1
33,2,22,106.54,4.84,269,Silver,4,1
25,29,6,401.35,66.89,328,Bronze,9,1
50,15,11,647.16,58.83,184,Bronze,8,1
66,12,27,491.94,18.22,261,Bronze,11,1
29,37,8,944.22,118.03,268,Silver,11,1
70,28,12,87.51,7.29,169,Silver,9,0
28,20,29,636.72,21.96,259,Bronze,4,0
22,39,27,431.81,15.99,227,Bronze,0,0
44,24,2,288.34,144.17,33,Bronze,11,1
29,21,9,257.97,28.66,214,Silver,8,1
34,10,15,534.89,35.66,50,Silver,11,1
23,46,2,1158.18,579.09,210,Bronze,4,1
50,14,29,392.76,13.54,29,Bronze,5,0
22,37,1,920.69,920.69,39,Bronze,3,0
74,18,10,307.21,30.72,347,Gold,5,0
45,24,2,104.01,52.0,100,Bronze,11,1
31,14,12,81.74,6.81,173,Silver,7,0
22,34,23,76.35,3.32,17,Silver,2,0
71,58,8,289.14,36.14,56,Bronze,4,0
73,12,5,255.67,51.13,226,Bronze,1,0
50,22,22,682.81,31.04,46,Bronze,13,1
67,56,28,728.99,26.04,67,Silver,1,0
65,6,1,76.1,76.1,197,Silver,12,1
58,36,15,174.95,11.66,142,Silver,6,0
36,45,6,210.28,35.05,323,Silver,9,1
39,36,12,446.61,37.22,23,Bronze,12,1
22,22,8,128.04,16.0,94,Gold,9,0
19,14,13,121.9,9.38,242,Silver,13,1
47,16,19,1489.32,78.39,237,Bronze,10,1
64,36,27,865.34,32.05,54,Gold,9,0
56,56,1,149.62,149.62,138,Silver,5,0
21,25,11,310.92,28.27,333,Silver,3,0
50,32,20,269.73,13.49,272,Silver,4,0
30,33,1,832.72,832.72,41,Silver,0,0
37,45,8,406.89,50.86,98,Silver,6,0
71,36,5,118.4,23.68,183,Bronze,7,0
24,20,17,721.6,42.45,128,Bronze,8,1
32,18,8,302.83,37.85,229,Gold,7,0
40,38,25,202.53,8.1,317,Bronze,4,0
31,3,10,285.4,28.54,86,Bronze,2,0
40,23,2,394.34,197.17,256,Bronze,9,1
36,32,9,260.12,28.9,209,Bronze,10,1
71,45,24,188.47,7.85,215,Silver,8,1
46,59,23,304.17,13.22,100,Gold,14,0
73,16,3,59.68,19.89,49,Bronze,5,0
37,59,18,790.3,43.91,201,Bronze,14,1
46,5,7,143.73,20.53,258,Bronze,4,1
41,4,15,72.45,4.83,178,Gold,12,1
35,21,21,580.22,27.63,245,Silver,2,1
27,40,22,793.47,36.07,123,Bronze,5,0
58,51,20,890.55,44.53,342,Silver,2,0
74,14,18,390.12,21.67,171,Gold,9,1
25,39,25,164.94,6.6,333,Silver,11,1
43,31,3,718.23,239.41,136,Gold,5,0
46,14,28,651.51,23.27,59,Bronze,3,0
27,6,23,191.36,8.32,193,Silver,14,0
34,12,14,1218.63,87.04,268,Bronze,1,0
19,16,24,105.11,4.38,260,Silver,7,0
23,17,2,2078.18,1039.09,95,Silver,3,0
22,45,14,1033.94,73.85,125,Silver,8,0
45,23,22,632.21,28.74,41,Silver,6,0
58,14,11,1446.39,131.49,254,Bronze,11,1
22,7,16,690.63,43.16,7,Silver,1,0
35,46,8,155.64,19.45,216,Gold,3,0
43,32,7,341.84,48.83,69,Gold,4,0
37,15,11,87.09,7.92,69,Bronze,2,0
58,44,3,296.87,98.96,81,Bronze,8,1
66,17,17,726.63,42.74,30,Bronze,12,1
44,41,14,294.24,21.02,73,Silver,4,0
66,54,6,250.46,41.74,262,Silver,1,0
29,47,8,502.37,62.8,89,Bronze,10,1
24,44,22,1078.66,49.03,208,Silver,2,1
20,34,5,74.38,14.88,213,Silver,13,1
27,5,27,293.45,10.87,322,Silver,14,1
51,45,28,136.13,4.86,266,Silver,8,1
42,27,8,644.3,80.54,293,Silver,6,1
52,52,2,105.87,52.94,207,Silver,1,1
33,23,15,596.53,39.77,333,Bronze,8,1
19,40,12,218.56,18.21,77,Silver,13,0
41,59,17,160.9,9.46,288,Silver,3,0
27,14,1,1427.2,1427.2,47,Gold,12,1
55,15,15,59.35,3.96,110,Silver,8,0
39,43,14,337.93,24.14,200,Silver,14,0
43,33,20,60.93,3.05,210,Bronze,12,1
60,53,22,380.43,17.29,154,Bronze,1,0
72,31,16,397.62,24.85,10,Bronze,14,1
56,35,29,244.06,8.42,353,Bronze,11,1
44,17,9,120.87,13.43,157,Silver,9,0
46,28,1,286.11,286.11,261,Gold,11,1
64,19,28,607.77,21.71,77,Bronze,3,0
55,46,17,812.54,47.8,257,Bronze,4,0
37,54,29,428.31,14.77,131,Silver,1,0
44,23,13,495.6,38.12,67,Bronze,9,1
58,32,21,161.96,7.71,228,Silver,0,0
71,40,26,219.37,8.44,163,Silver,6,0
37,13,21,138.31,6.59,15,Silver,9,1
61,59,5,193.37,38.67,232,Bronze,0,0
36,20,10,177.37,17.74,195,Bronze,10,0
37,35,6,416.41,69.4,349,Silver,10,1
52,5,24,463.56,19.32,30,Silver,7,0
64,9,19,1499.73,78.93,359,Bronze,2,0
19,29,25,158.81,6.35,338,Silver,13,1
47,6,13,563.16,43.32,331,Bronze,9,1
70,25,1,899.84,899.84,316,Silver,5,1
51,31,20,460.76,23.04,296,Bronze,6,0
39,22,25,197.19,7.89,330,Gold,9,1
20,2,15,202.28,13.49,220,Bronze,0,1
23,45,14,70.02,5.0,147,Bronze,13,1
32,5,8,232.24,29.03,259,Bronze,5,1
44,27,10,732.47,73.25,292,Bronze,6,1
27,25,9,74.34,8.26,299,Gold,5,0
26,8,17,173.78,10.22,143,Gold,3,0
50,55,9,662.48,73.61,235,Bronze,0,1
49,1,3,813.13,271.04,115,Bronze,10,1
65,20,11,353.78,32.16,90,Silver,8,0
23,44,12,648.79,54.07,208,Gold,3,0
58,23,10,295.47,29.55,164,Silver,6,0
53,32,25,137.13,5.49,84,Bronze,6,0
19,11,17,303.87,17.87,77,Bronze,1,0
46,39,17,483.71,28.45,161,Silver,0,0
21,47,25,1528.77,61.15,5,Bronze,7,0
18,54,11,85.61,7.78,78,Silver,7,0
36,24,22,404.02,18.36,91,Bronze,6,0
43,11,4,249.43,62.36,87,Silver,13,1
42,29,7,404.96,57.85,270,Bronze,14,1
27,54,21,62.13,2.96,104,Silver,14,1
70,26,26,237.73,9.14,339,Bronze,14,1
32,16,14,907.03,64.79,175,Silver,14,0
39,35,7,453.65,64.81,54,Bronze,7,0
68,20,24,349.45,14.56,211,Silver,2,1
65,46,8,218.1,27.26,95,Silver,10,0
38,3,1,226.94,226.94,223,Silver,1,1
73,1,24,291.53,12.15,9,Silver,6,0
39,58,22,952.64,43.3,53,Silver,7,0
53,53,4,1758.86,439.72,77,Silver,0,0
51,47,29,338.71,11.68,206,Bronze,11,1
47,1,12,299.9,24.99,316,Silver,9,1
42,17,24,987.19,41.13,302,Bronze,8,1
62,2,3,328.35,109.45,310,Bronze,14,1
45,29,13,451.5,34.73,330,Bronze,12,1
18,20,20,181.29,9.06,112,Bronze,14,1
66,6,6,730.32,121.72,351,Silver,10,1
62,8,11,429.63,39.06,165,Silver,3,0
21,29,23,877.83,38.17,279,Silver,13,1
24,48,4,808.73,202.18,27,Silver,11,1
66,51,20,171.04,8.55,70,Bronze,13,0
26,33,16,678.75,42.42,218,Bronze,3,0
53,3,7,854.85,122.12,189,Bronze,2,0
36,35,22,262.41,11.93,333,Bronze,5,1
18,5,29,144.74,4.99,306,Bronze,0,1
27,27,11,51.32,4.67,124,Bronze,5,0
53,44,24,349.74,14.57,19,Silver,1,0
26,12,1,267.27,267.27,257,Silver,8,1
62,20,26,454.74,17.49,296,Gold,1,0
63,45,29,154.15,5.32,22,Gold,6,0
59,20,27,1031.86,38.22,40,Silver,11,1
49,9,7,199.04,28.43,38,Bronze,0,0
49,39,12,178.37,14.86,48,Silver,11,0
23,4,7,377.65,53.95,183,Silver,6,0
65,51,27,395.43,14.65,75,Bronze,4,0
55,54,23,171.09,7.44,209,Bronze,7,1
34,19,7,208.63,29.8,183,Silver,3,0
27,38,10,142.99,14.3,107,Bronze,14,1
67,27,16,683.74,42.73,188,Silver,11,1
44,45,26,785.03,30.19,264,Silver,14,1
71,43,8,360.25,45.03,86,Bronze,9,1
67,13,9,676.03,75.11,324,Bronze,6,0
52,13,9,715.78,79.53,331,Bronze,5,0
69,57,2,124.41,62.2,137,Bronze,4,0
38,22,13,1743.32,134.1,346,Bronze,3,0
42,28,13,910.27,70.02,336,Silver,14,1
45,52,23,164.38,7.15,95,Bronze,6,0
64,47,23,153.0,6.65,326,Silver,11,1
32,53,4,117.14,29.28,245,Bronze,4,1
21,45,25,124.47,4.98,90,Gold,4,0
46,22,24,739.48,30.81,59,Bronze,14,1
26,43,12,367.11,30.59,28,Bronze,0,0
44,19,17,813.78,47.87,72,Gold,1,0
43,8,2,735.71,367.86,270,Silver,4,1
36,52,13,513.94,39.53,24,Bronze,12,1
73,8,29,629.77,21.72,112,Silver,2,0
45,42,18,59.26,3.29,300,Bronze,13,1
34,26,28,236.82,8.46,56,Bronze,12,0
60,48,28,557.81,19.92,223,Bronze,1,0
74,51,27,54.69,2.03,120,Bronze,13,1
58,26,15,66.77,4.45,179,Silver,13,0
59,23,8,1004.89,125.61,288,Bronze,3,1
67,43,15,626.05,41.74,281,Bronze,3,1
37,13,1,204.19,204.19,189,Silver,3,0
62,28,20,632.32,31.62,66,Silver,3,0
57,9,10,836.21,83.62,298,Bronze,2,1
56,20,12,233.21,19.43,249,Silver,12,1
66,56,5,68.35,13.67,76,Bronze,11,0
70,19,9,1399.89,155.54,137,Silver,6,0
40,48,23,261.7,11.38,164,Silver,8,0
64,39,8,106.29,13.29,233,Gold,11,1
49,51,16,388.5,24.28,255,Bronze,4,1
69,12,14,781.52,55.82,294,Bronze,3,1
64,15,27,175.29,6.49,170,Bronze,10,1
